Workbook

Sheet Master
A1: Denmark
A2: 1993-Q1 | B2: 1993-Q2 | C2: 1993-Q3 | D2: 1993-Q4 | E2: 1994-Q1 | F2: 1994-Q2 | G2: 1994-Q3 | H2: 1994-Q4 | I2: 1995-Q1 | J2: 1995-Q2 | K2: 1995-Q3 | L2: 1995-Q4 | M2: 1996-Q1 | N2: 1996-Q2 | O2: 1996-Q3 | P2: 1996-Q4 | Q2: 1997-Q1 | R2: 1997-Q2 | S2: 1997-Q3 | T2: 1997-Q4 | U2: 1998-Q1 | V2: 1998-Q2 | W2: 1998-Q3 | X2: 1998-Q4 | Y2: 1999-Q1 | Z2: 1999-Q2 | AA2: 1999-Q3 | AB2: 1999-Q4 | AC2: 2000-Q1 | AD2: 2000-Q2 | AE2: 2000-Q3 | AF2: 2000-Q4 | AG2: 2001-Q1 | AH2: 2001-Q2 | AI2: 2001-Q3 | AJ2: 2001-Q4 | AK2: 2002-Q1 | AL2: 2002-Q2 | AM2: 2002-Q3 | AN2: 2002-Q4 | AO2: 2003-Q1 | AP2: 2003-Q2 | AQ2: 2003-Q3 | AR2: 2003-Q4 | AS2: 2004-Q1 | AT2: 2004-Q2 | AU2: 2004-Q3 | AV2: 2004-Q4 | AW2: 2005-Q1 | AX2: 2005-Q2 | AY2: 2005-Q3 | AZ2: 2005-Q4 | BA2: 2006-Q1 | BB2: 2006-Q2 | BC2: 2006-Q3 | BD2: 2006-Q4 | BE2: 2007-Q1 | BF2: 2007-Q2 | BG2: 2007-Q3 | BH2: 2007-Q4 | BI2: 2008-Q1 | BJ2: 2008-Q2 | BK2: 2008-Q3 | BL2: 2008-Q4 | BM2: 2009-Q1 | BN2: 2009-Q2 | BO2: 2009-Q3 | BP2: 2009-Q4 | BQ2: 2010-Q1 | BR2: 2010-Q2 | BS2: 2010-Q3 | BT2: 2010-Q4 | BU2: 2011-Q1 | BV2: 2011-Q2 | BW2: 2011-Q3 | BX2: 2011-Q4 | BY2: 2012-Q1 | BZ2: 2012-Q2 | CA2: 2012-Q3 | CB2: 2012-Q4 | CC2: 2013-Q1 | CD2: 2013-Q2 | CE2: 2013-Q3 | CF2: 2013-Q4 | CG2: 2014-Q1 | CH2: 2014-Q2 | CI2: 2014-Q3 | CJ2: 2014-Q4 | CK2: 2015-Q1 | CL2: 2015-Q2 | CM2: 2015-Q3 | CN2: 2015-Q4 | CO2: 2016-Q1 | CP2: 2016-Q2 | CQ2: 2016-Q3 | CR2: 2016-Q4 | CS2: 2017-Q1 | CT2: 2017-Q2 | CU2: 2017-Q3 | CV2: 2017-Q4 | CW2: 2018-Q1 | CX2: 2018-Q2 | CY2: 2018-Q3 | CZ2: 2018-Q4 | DA2: 2019-Q1 | DB2: 2019-Q2 | DC2: 2019-Q3 | DD2: 2019-Q4 | DE2: 2020-Q1 | DF2: 2020-Q2 | DG2: 2020-Q3 | DH2: 2020-Q4 | DI2: 2021-Q1 | DJ2: 2021-Q2 | DK2: 2021-Q3 | DL2: 2021-Q4 | DM2: 2022-Q1 | DN2: 2022-Q2 | DO2: 2022-Q3 | DP2: 2022-Q4 | DQ2: 2023-Q1 | DR2: 2023-Q2 | DS2: 2023-Q3 | DT2: 2023-Q4 | DU2: 2024-Q1 | DV2: 2024-Q2 | DW2: 2024-Q3 | DX2: 2024-Q4 | DY2: 2025-Q1 | DZ2: 2025-Q2 | EA2: 2025-Q3
A3: =Denmark!D12 -> -9.2795 | B3: =Denmark!E12 -> -8.616 | C3: =Denmark!F12 -> -0.8405 | D3: =Denmark!G12 -> 7.94 | E3: =Denmark!H12 -> 16.471 | F3: =Denmark!I12 -> 15.6385 | G3: =Denmark!J12 -> 9.7085 | H3: =Denmark!K12 -> 5.499 | ... EA3: =Denmark!ED12 -> 10.795
A4: =Denmark!D16 -> -6.2265 | B4: =Denmark!E16 -> -7.643 | C4: =Denmark!F16 -> -3.451 | D4: =Denmark!G16 -> 8.123 | E4: =Denmark!H16 -> 12.28 | F4: =Denmark!I16 -> 14.4345 | G4: =Denmark!J16 -> 8.139 | H4: =Denmark!K16 -> 1.813 | ... EA4: =Denmark!ED16 -> 6.8785
A5: =Denmark!D20 -> -5.2445 | B5: =Denmark!E20 -> -6.8945 | C5: =Denmark!F20 -> -0.4065 | D5: =Denmark!G20 -> 6.9825 | E5: =Denmark!H20 -> 13.9925 | F5: =Denmark!I20 -> 14.1105 | G5: =Denmark!J20 -> 8.478 | H5: =Denmark!K20 -> 3.1345 | ... EA5: =Denmark!ED20 -> 6.303
A6: =Denmark!D24 -> -8.179 | B6: =Denmark!E24 -> -6.9555 | C6: =Denmark!F24 -> -1.0685 | D6: =Denmark!G24 -> 6.051 | E6: =Denmark!H24 -> 16.2805 | F6: =Denmark!I24 -> 16.148 | G6: =Denmark!J24 -> 8.7585 | H6: =Denmark!K24 -> 3.3075 | ... EA6: =Denmark!ED24 -> 6.0955
A7: =Denmark!D28 -> -7.9105 | B7: =Denmark!E28 -> -7.4285 | C7: =Denmark!F28 -> 0.3635 | D7: =Denmark!G28 -> 6.4955 | E7: =Denmark!H28 -> 14.8855 | F7: =Denmark!I28 -> 16.094 | G7: =Denmark!J28 -> 8.6915 | H7: =Denmark!K28 -> 4.035 | ... EA7: =Denmark!ED28 -> -0.6
A11: Japan
A12: 1993-Q1 | B12: 1993-Q2 | C12: 1993-Q3 | D12: 1993-Q4 | E12: 1994-Q1 | F12: 1994-Q2 | G12: 1994-Q3 | H12: 1994-Q4 | I12: 1995-Q1 | J12: 1995-Q2 | K12: 1995-Q3 | L12: 1995-Q4 | M12: 1996-Q1 | N12: 1996-Q2 | O12: 1996-Q3 | P12: 1996-Q4 | Q12: 1997-Q1 | R12: 1997-Q2 | S12: 1997-Q3 | T12: 1997-Q4 | U12: 1998-Q1 | V12: 1998-Q2 | W12: 1998-Q3 | X12: 1998-Q4 | Y12: 1999-Q1 | Z12: 1999-Q2 | AA12: 1999-Q3 | AB12: 1999-Q4 | AC12: 2000-Q1 | AD12: 2000-Q2 | AE12: 2000-Q3 | AF12: 2000-Q4 | AG12: 2001-Q1 | AH12: 2001-Q2 | AI12: 2001-Q3 | AJ12: 2001-Q4 | AK12: 2002-Q1 | AL12: 2002-Q2 | AM12: 2002-Q3 | AN12: 2002-Q4 | AO12: 2003-Q1 | AP12: 2003-Q2 | AQ12: 2003-Q3 | AR12: 2003-Q4 | AS12: 2004-Q1 | AT12: 2004-Q2 | AU12: 2004-Q3 | AV12: 2004-Q4 | AW12: 2005-Q1 | AX12: 2005-Q2 | AY12: 2005-Q3 | AZ12: 2005-Q4 | BA12: 2006-Q1 | BB12: 2006-Q2 | BC12: 2006-Q3 | BD12: 2006-Q4 | BE12: 2007-Q1 | BF12: 2007-Q2 | BG12: 2007-Q3 | BH12: 2007-Q4 | BI12: 2008-Q1 | BJ12: 2008-Q2 | BK12: 2008-Q3 | BL12: 2008-Q4 | BM12: 2009-Q1 | BN12: 2009-Q2 | BO12: 2009-Q3 | BP12: 2009-Q4 | BQ12: 2010-Q1 | BR12: 2010-Q2 | BS12: 2010-Q3 | BT12: 2010-Q4 | BU12: 2011-Q1 | BV12: 2011-Q2 | BW12: 2011-Q3 | BX12: 2011-Q4 | BY12: 2012-Q1 | BZ12: 2012-Q2 | CA12: 2012-Q3 | CB12: 2012-Q4 | CC12: 2013-Q1 | CD12: 2013-Q2 | CE12: 2013-Q3 | CF12: 2013-Q4 | CG12: 2014-Q1 | CH12: 2014-Q2 | CI12: 2014-Q3 | CJ12: 2014-Q4 | CK12: 2015-Q1 | CL12: 2015-Q2 | CM12: 2015-Q3 | CN12: 2015-Q4 | CO12: 2016-Q1 | CP12: 2016-Q2 | CQ12: 2016-Q3 | CR12: 2016-Q4 | CS12: 2017-Q1 | CT12: 2017-Q2 | CU12: 2017-Q3 | CV12: 2017-Q4 | CW12: 2018-Q1 | CX12: 2018-Q2 | CY12: 2018-Q3 | CZ12: 2018-Q4 | DA12: 2019-Q1 | DB12: 2019-Q2 | DC12: 2019-Q3 | DD12: 2019-Q4 | DE12: 2020-Q1 | DF12: 2020-Q2 | DG12: 2020-Q3 | DH12: 2020-Q4 | DI12: 2021-Q1 | DJ12: 2021-Q2 | DK12: 2021-Q3 | DL12: 2021-Q4 | DM12: 2022-Q1 | DN12: 2022-Q2 | DO12: 2022-Q3 | DP12: 2022-Q4 | DQ12: 2023-Q1 | DR12: 2023-Q2 | DS12: 2023-Q3 | DT12: 2023-Q4 | DU12: 2024-Q1 | DV12: 2024-Q2 | DW12: 2024-Q3 | DX12: 2024-Q4 | DY12: 2025-Q1 | DZ12: 2025-Q2 | EA12: 2025-Q3
BN13: =Japan!H9 -> -6.6 | BO13: =Japan!I9 -> -4.3 | BP13: =Japan!J9 -> -4.1 | BQ13: =Japan!K9 -> -2.1 | BR13: =Japan!L9 -> 3.6 | BS13: =Japan!M9 -> -1.2 | BT13: =Japan!N9 -> -0.3 | BU13: =Japan!O9 -> -0.9 | ... EA13: =Japan!BU9 -> 5.4
BN14: =Japan!H15 -> -7.5 | BO14: =Japan!I15 -> -6 | BP14: =Japan!J15 -> -2 | BQ14: =Japan!K15 -> -1.9 | BR14: =Japan!L15 -> -1.6 | BS14: =Japan!M15 -> 0 | BT14: =Japan!N15 -> 0.8 | BU14: =Japan!O15 -> 0 | ... EA14: =Japan!BU15 -> 2.7
BN15: =Japan!H21 -> -10.1 | BO15: =Japan!I21 -> -6.6 | BP15: =Japan!J21 -> -2.7 | BQ15: =Japan!K21 -> 1.7 | BR15: =Japan!L21 -> 3.4 | BS15: =Japan!M21 -> 2.1 | BT15: =Japan!N21 -> 2.6 | BU15: =Japan!O21 -> 1.7 | ... EA15: =Japan!BU21 -> 6
BN16: =Japan!H27 -> -7.6 | BO16: =Japan!I27 -> -6.4 | BP16: =Japan!J27 -> -3.6 | BQ16: =Japan!K27 -> -4.7 | BR16: =Japan!L27 -> -5.4 | BS16: =Japan!M27 -> -4.9 | BT16: =Japan!N27 -> -3.3 | BU16: =Japan!O27 -> 1.5 | ... EA16: =Japan!BU27 -> -1
BN17: =Japan!H33 -> -7 | BO17: =Japan!I33 -> -6.6 | BP17: =Japan!J33 -> -5.7 | BQ17: =Japan!K33 -> -0.4 | BR17: =Japan!L33 -> -1.1 | BS17: =Japan!M33 -> -0.1 | BT17: =Japan!N33 -> 1.3 | BU17: =Japan!O33 -> -0.3 | ... EA17: =Japan!BU33 -> 1.7
BN18: =Japan!H39 -> -5.1 | BO18: =Japan!I39 -> -7 | BP18: =Japan!J39 -> -1.1 | BQ18: =Japan!K39 -> 3.6 | BR18: =Japan!L39 -> 2.4 | BS18: =Japan!M39 -> 3.9 | BT18: =Japan!N39 -> 5.6 | BU18: =Japan!O39 -> 1.6 | ... EA18: =Japan!BU39 -> -2.3
BN19: =Japan!H45 -> -7.2 | BO19: =Japan!I45 -> -6.6 | BP19: =Japan!J45 -> -1.9 | BQ19: =Japan!K45 -> -6.2 | BR19: =Japan!L45 -> -0.6 | BS19: =Japan!M45 -> -0.7 | BT19: =Japan!N45 -> -1.7 | BU19: =Japan!O45 -> -3 | ... EA19: =Japan!BU45 -> -2
BN20: =Japan!H51 -> -8.5 | BO20: =Japan!I51 -> -3.7 | BP20: =Japan!J51 -> -2.1 | BQ20: =Japan!K51 -> -1.6 | BR20: =Japan!L51 -> 3.4 | BS20: =Japan!M51 -> 3 | BT20: =Japan!N51 -> 1.6 | BU20: =Japan!O51 -> 4.1 | ... EA20: =Japan!BU51 -> 5.5
A24: Poland
A25: 1993-Q1 | B25: 1993-Q2 | C25: 1993-Q3 | D25: 1993-Q4 | E25: 1994-Q1 | F25: 1994-Q2 | G25: 1994-Q3 | H25: 1994-Q4 | I25: 1995-Q1 | J25: 1995-Q2 | K25: 1995-Q3 | L25: 1995-Q4 | M25: 1996-Q1 | N25: 1996-Q2 | O25: 1996-Q3 | P25: 1996-Q4 | Q25: 1997-Q1 | R25: 1997-Q2 | S25: 1997-Q3 | T25: 1997-Q4 | U25: 1998-Q1 | V25: 1998-Q2 | W25: 1998-Q3 | X25: 1998-Q4 | Y25: 1999-Q1 | Z25: 1999-Q2 | AA25: 1999-Q3 | AB25: 1999-Q4 | AC25: 2000-Q1 | AD25: 2000-Q2 | AE25: 2000-Q3 | AF25: 2000-Q4 | AG25: 2001-Q1 | AH25: 2001-Q2 | AI25: 2001-Q3 | AJ25: 2001-Q4 | AK25: 2002-Q1 | AL25: 2002-Q2 | AM25: 2002-Q3 | AN25: 2002-Q4 | AO25: 2003-Q1 | AP25: 2003-Q2 | AQ25: 2003-Q3 | AR25: 2003-Q4 | AS25: 2004-Q1 | AT25: 2004-Q2 | AU25: 2004-Q3 | AV25: 2004-Q4 | AW25: 2005-Q1 | AX25: 2005-Q2 | AY25: 2005-Q3 | AZ25: 2005-Q4 | BA25: 2006-Q1 | BB25: 2006-Q2 | BC25: 2006-Q3 | BD25: 2006-Q4 | BE25: 2007-Q1 | BF25: 2007-Q2 | BG25: 2007-Q3 | BH25: 2007-Q4 | BI25: 2008-Q1 | BJ25: 2008-Q2 | BK25: 2008-Q3 | BL25: 2008-Q4 | BM25: 2009-Q1 | BN25: 2009-Q2 | BO25: 2009-Q3 | BP25: 2009-Q4 | BQ25: 2010-Q1 | BR25: 2010-Q2 | BS25: 2010-Q3 | BT25: 2010-Q4 | BU25: 2011-Q1 | BV25: 2011-Q2 | BW25: 2011-Q3 | BX25: 2011-Q4 | BY25: 2012-Q1 | BZ25: 2012-Q2 | CA25: 2012-Q3 | CB25: 2012-Q4 | CC25: 2013-Q1 | CD25: 2013-Q2 | CE25: 2013-Q3 | CF25: 2013-Q4 | CG25: 2014-Q1 | CH25: 2014-Q2 | CI25: 2014-Q3 | CJ25: 2014-Q4 | CK25: 2015-Q1 | CL25: 2015-Q2 | CM25: 2015-Q3 | CN25: 2015-Q4 | CO25: 2016-Q1 | CP25: 2016-Q2 | CQ25: 2016-Q3 | CR25: 2016-Q4 | CS25: 2017-Q1 | CT25: 2017-Q2 | CU25: 2017-Q3 | CV25: 2017-Q4 | CW25: 2018-Q1 | CX25: 2018-Q2 | CY25: 2018-Q3 | CZ25: 2018-Q4 | DA25: 2019-Q1 | DB25: 2019-Q2 | DC25: 2019-Q3 | DD25: 2019-Q4 | DE25: 2020-Q1 | DF25: 2020-Q2 | DG25: 2020-Q3 | DH25: 2020-Q4 | DI25: 2021-Q1 | DJ25: 2021-Q2 | DK25: 2021-Q3 | DL25: 2021-Q4 | DM25: 2022-Q1 | DN25: 2022-Q2 | DO25: 2022-Q3 | DP25: 2022-Q4 | DQ25: 2023-Q1 | DR25: 2023-Q2 | DS25: 2023-Q3 | DT25: 2023-Q4 | DU25: 2024-Q1 | DV25: 2024-Q2 | DW25: 2024-Q3 | DX25: 2024-Q4 | DY25: 2025-Q1 | DZ25: 2025-Q2 | EA25: 2025-Q3
BU26: =Poland!D9 -> 4.2 | BV26: =Poland!E9 -> -1.3 | BW26: =Poland!F9 -> 0.3 | BX26: =Poland!G9 -> -0.3 | BY26: =Poland!H9 -> -1.7 | BZ26: =Poland!I9 -> 0.3 | CA26: =Poland!J9 -> -5.6 | CB26: =Poland!K9 -> -6 | ... EA26: =Poland!BJ9 -> 2.4
BU27: =Poland!D10 -> 4.5 | BV27: =Poland!E10 -> 3.4 | BW27: =Poland!F10 -> 1.8 | BX27: =Poland!G10 -> 3.4 | BY27: =Poland!H10 -> -1.5 | BZ27: =Poland!I10 -> -1.8 | CA27: =Poland!J10 -> -5.7 | CB27: =Poland!K10 -> -4.9 | ... EA27: =Poland!BJ10 -> 2.9
BU28: =Poland!D11 -> -0.3 | BV28: =Poland!E11 -> 0.7 | BW28: =Poland!F11 -> -4.2 | BX28: =Poland!G11 -> 1 | BY28: =Poland!H11 -> 0.1 | BZ28: =Poland!I11 -> -2.8 | CA28: =Poland!J11 -> -2.9 | CB28: =Poland!K11 -> -5.8 | ... EA28: =Poland!BJ11 -> 5.9
BU29: =Poland!D12 -> -0.9 | BV29: =Poland!E12 -> -8.2 | BW29: =Poland!F12 -> -3.7 | BX29: =Poland!G12 -> -7.6 | BY29: =Poland!H12 -> -5 | BZ29: =Poland!I12 -> -0.5 | CA29: =Poland!J12 -> -5.7 | CB29: =Poland!K12 -> -3.1 | ... EA29: =Poland!BJ12 -> 3.7
BU30: =Poland!D13 -> 1.5 | BV30: =Poland!E13 -> 2.3 | BW30: =Poland!F13 -> 0.8 | BX30: =Poland!G13 -> 3.1 | BY30: =Poland!H13 -> -2 | BZ30: =Poland!I13 -> -1.5 | CA30: =Poland!J13 -> -3.1 | CB30: =Poland!K13 -> -3.4 | ... EA30: =Poland!BJ13 -> 3.9
BU31: =Poland!D14 -> 6 | BV31: =Poland!E14 -> 2.3 | BW31: =Poland!F14 -> 0.9 | BX31: =Poland!G14 -> -1.6 | BY31: =Poland!H14 -> -4.4 | BZ31: =Poland!I14 -> -5.2 | CA31: =Poland!J14 -> -5.4 | CB31: =Poland!K14 -> -5.8 | ... EA31: =Poland!BJ14 -> 4.8
BU32: =Poland!D15 -> 1.5 | BV32: =Poland!E15 -> 2.3 | BW32: =Poland!F15 -> 2.3 | BX32: =Poland!G15 -> 2.2 | BY32: =Poland!H15 -> -1.7 | BZ32: =Poland!I15 -> -3.5 | CA32: =Poland!J15 -> -1.7 | CB32: =Poland!K15 -> -4.7 | ... EA32: =Poland!BJ15 -> 4.2
BU33: =Poland!D16 -> 4.3 | BV33: =Poland!E16 -> 5.1 | BW33: =Poland!F16 -> 1.2 | BX33: =Poland!G16 -> 6.1 | BY33: =Poland!H16 -> -3 | BZ33: =Poland!I16 -> -1.8 | CA33: =Poland!J16 -> -2.6 | CB33: =Poland!K16 -> -1.7 | ... EA33: =Poland!BJ16 -> 3.7
BU34: =Poland!D17 -> 0.7 | BV34: =Poland!E17 -> 4.5 | BW34: =Poland!F17 -> -4.5 | BX34: =Poland!G17 -> -1.7 | BY34: =Poland!H17 -> -5.4 | BZ34: =Poland!I17 -> -7.1 | CA34: =Poland!J17 -> -4.8 | CB34: =Poland!K17 -> -3 | ... EA34: =Poland!BJ17 -> 4.3
BU35: =Poland!D18 -> -5.7 | BV35: =Poland!E18 -> 0.8 | BW35: =Poland!F18 -> -2.5 | BX35: =Poland!G18 -> -6.1 | BY35: =Poland!H18 -> 3.7 | BZ35: =Poland!I18 -> -1.3 | CA35: =Poland!J18 -> 3.5 | CB35: =Poland!K18 -> 0.3 | ... EA35: =Poland!BJ18 -> 5.2
BU36: =Poland!D19 -> 5.4 | BV36: =Poland!E19 -> 3.9 | BW36: =Poland!F19 -> 1.1 | BX36: =Poland!G19 -> -0.7 | BY36: =Poland!H19 -> -1.7 | BZ36: =Poland!I19 -> -4.1 | CA36: =Poland!J19 -> -2.5 | CB36: =Poland!K19 -> -2.2 | ... EA36: =Poland!BJ19 -> 3.3
BU37: =Poland!D20 -> 4.4 | BV37: =Poland!E20 -> -2.9 | BW37: =Poland!F20 -> -3.9 | BX37: =Poland!G20 -> 3.2 | BY37: =Poland!H20 -> 1.5 | BZ37: =Poland!I20 -> 1.5 | CA37: =Poland!J20 -> 1.1 | CB37: =Poland!K20 -> -3.4 | ... EA37: =Poland!BJ20 -> 3.3
... BU41: =Poland!D24 -> -0.1 | BV41: =Poland!E24 -> -1.5 | BW41: =Poland!F24 -> -1.1 | BX41: =Poland!G24 -> -1.8 | BY41: =Poland!H24 -> -4.3 | BZ41: =Poland!I24 -> -5.7 | CA41: =Poland!J24 -> -5.7 | CB41: =Poland!K24 -> -6.1 | ... EA41: =Poland!BJ24 -> 3.5
A43: Spain
A44: 1993-Q1 | B44: 1993-Q2 | C44: 1993-Q3 | D44: 1993-Q4 | E44: 1994-Q1 | F44: 1994-Q2 | G44: 1994-Q3 | H44: 1994-Q4 | I44: 1995-Q1 | J44: 1995-Q2 | K44: 1995-Q3 | L44: 1995-Q4 | M44: 1996-Q1 | N44: 1996-Q2 | O44: 1996-Q3 | P44: 1996-Q4 | Q44: 1997-Q1 | R44: 1997-Q2 | S44: 1997-Q3 | T44: 1997-Q4 | U44: 1998-Q1 | V44: 1998-Q2 | W44: 1998-Q3 | X44: 1998-Q4 | Y44: 1999-Q1 | Z44: 1999-Q2 | AA44: 1999-Q3 | AB44: 1999-Q4 | AC44: 2000-Q1 | AD44: 2000-Q2 | AE44: 2000-Q3 | AF44: 2000-Q4 | AG44: 2001-Q1 | AH44: 2001-Q2 | AI44: 2001-Q3 | AJ44: 2001-Q4 | AK44: 2002-Q1 | AL44: 2002-Q2 | AM44: 2002-Q3 | AN44: 2002-Q4 | AO44: 2003-Q1 | AP44: 2003-Q2 | AQ44: 2003-Q3 | AR44: 2003-Q4 | AS44: 2004-Q1 | AT44: 2004-Q2 | AU44: 2004-Q3 | AV44: 2004-Q4 | AW44: 2005-Q1 | AX44: 2005-Q2 | AY44: 2005-Q3 | AZ44: 2005-Q4 | BA44: 2006-Q1 | BB44: 2006-Q2 | BC44: 2006-Q3 | BD44: 2006-Q4 | BE44: 2007-Q1 | BF44: 2007-Q2 | BG44: 2007-Q3 | BH44: 2007-Q4 | BI44: 2008-Q1 | BJ44: 2008-Q2 | BK44: 2008-Q3 | BL44: 2008-Q4 | BM44: 2009-Q1 | BN44: 2009-Q2 | BO44: 2009-Q3 | BP44: 2009-Q4 | BQ44: 2010-Q1 | BR44: 2010-Q2 | BS44: 2010-Q3 | BT44: 2010-Q4 | BU44: 2011-Q1 | BV44: 2011-Q2 | BW44: 2011-Q3 | BX44: 2011-Q4 | BY44: 2012-Q1 | BZ44: 2012-Q2 | CA44: 2012-Q3 | CB44: 2012-Q4 | CC44: 2013-Q1 | CD44: 2013-Q2 | CE44: 2013-Q3 | CF44: 2013-Q4 | CG44: 2014-Q1 | CH44: 2014-Q2 | CI44: 2014-Q3 | CJ44: 2014-Q4 | CK44: 2015-Q1 | CL44: 2015-Q2 | CM44: 2015-Q3 | CN44: 2015-Q4 | CO44: 2016-Q1 | CP44: 2016-Q2 | CQ44: 2016-Q3 | CR44: 2016-Q4 | CS44: 2017-Q1 | CT44: 2017-Q2 | CU44: 2017-Q3 | CV44: 2017-Q4 | CW44: 2018-Q1 | CX44: 2018-Q2 | CY44: 2018-Q3 | CZ44: 2018-Q4 | DA44: 2019-Q1 | DB44: 2019-Q2 | DC44: 2019-Q3 | DD44: 2019-Q4 | DE44: 2020-Q1 | DF44: 2020-Q2 | DG44: 2020-Q3 | DH44: 2020-Q4 | DI44: 2021-Q1 | DJ44: 2021-Q2 | DK44: 2021-Q3 | DL44: 2021-Q4 | DM44: 2022-Q1 | DN44: 2022-Q2 | DO44: 2022-Q3 | DP44: 2022-Q4 | DQ44: 2023-Q1 | DR44: 2023-Q2 | DS44: 2023-Q3 | DT44: 2023-Q4 | DU44: 2024-Q1 | DV44: 2024-Q2 | DW44: 2024-Q3 | DX44: 2024-Q4 | DY44: 2025-Q1 | DZ44: 2025-Q2 | EA44: 2025-Q3
BE45: =Spain!D9 -> -6.768 | BF45: =Spain!E9 -> -4.544 | BG45: =Spain!F9 -> -2.329 | BH45: =Spain!G9 -> 0.41 | BI45: =Spain!H9 -> 7.26 | BJ45: =Spain!I9 -> 4.76 | BK45: =Spain!J9 -> 2.384 | BL45: =Spain!K9 -> -0.409 | ... EA45: =Spain!BZ9 -> 13.383
BE46: =Spain!D10 -> -5.679 | BF46: =Spain!E10 -> -1.479 | BG46: =Spain!F10 -> 0.919 | BH46: =Spain!G10 -> 1.652 | BI46: =Spain!H10 -> 6.021 | BJ46: =Spain!I10 -> 1.501 | BK46: =Spain!J10 -> -0.911 | BL46: =Spain!K10 -> -1.625 | ... EA46: =Spain!BZ10 -> 13.491
BE47: =Spain!D11 -> -5.145 | BF47: =Spain!E11 -> -2.297 | BG47: =Spain!F11 -> 0.135 | BH47: =Spain!G11 -> 2.649 | BI47: =Spain!H11 -> 5.425 | BJ47: =Spain!I11 -> 2.351 | BK47: =Spain!J11 -> -0.135 | BL47: =Spain!K11 -> -2.58 | ... EA47: =Spain!BZ11 -> 12.599
BE48: =Spain!D12 -> -1.489 | BF48: =Spain!E12 -> 1.253 | BG48: =Spain!F12 -> 6.766 | BH48: =Spain!G12 -> 8.74 | BI48: =Spain!H12 -> 1.511 | BJ48: =Spain!I12 -> -1.237 | BK48: =Spain!J12 -> -6.337 | BL48: =Spain!K12 -> -8.038 | ... EA48: =Spain!BZ12 -> 11.641
BE49: =Spain!D13 -> -0.923 | BF49: =Spain!E13 -> -0.598 | BG49: =Spain!F13 -> 5.551 | BH49: =Spain!G13 -> 5.982 | BI49: =Spain!H13 -> 0.932 | BJ49: =Spain!I13 -> 0.602 | BK49: =Spain!J13 -> -5.259 | BL49: =Spain!K13 -> -5.644 | ... EA49: =Spain!BZ13 -> 10.906
BE50: =Spain!D14 -> -6.069 | BF50: =Spain!E14 -> -1.962 | BG50: =Spain!F14 -> 1.891 | BH50: =Spain!G14 -> 3.966 | BI50: =Spain!H14 -> 6.461 | BJ50: =Spain!I14 -> 2.002 | BK50: =Spain!J14 -> -1.856 | BL50: =Spain!K14 -> -3.815 | ... EA50: =Spain!BZ14 -> 14.122
BE51: =Spain!D15 -> -0.126 | BF51: =Spain!E15 -> 0.173 | BG51: =Spain!F15 -> 5.237 | BH51: =Spain!G15 -> 7.179 | BI51: =Spain!H15 -> 0.126 | BJ51: =Spain!I15 -> -0.173 | BK51: =Spain!J15 -> -4.976 | BL51: =Spain!K15 -> -6.698 | ... EA51: =Spain!BZ15 -> 14.583
BE52: =Spain!D16 -> 2.827 | BF52: =Spain!E16 -> 5.01 | BG52: =Spain!F16 -> 7.542 | BH52: =Spain!G16 -> 8.831 | BI52: =Spain!H16 -> -2.749 | BJ52: =Spain!I16 -> -4.771 | BK52: =Spain!J16 -> -7.013 | BL52: =Spain!K16 -> -8.115 | ... EA52: =Spain!BZ16 -> 14.223
BE53: =Spain!D17 -> -6.894 | BF53: =Spain!E17 -> -3.531 | BG53: =Spain!F17 -> -0.312 | BH53: =Spain!G17 -> 2.576 | BI53: =Spain!H17 -> 7.404 | BJ53: =Spain!I17 -> 3.661 | BK53: =Spain!J17 -> 0.313 | BL53: =Spain!K17 -> -2.511 | ... EA53: =Spain!BZ17 -> 14.422
BE54: =Spain!D18 -> -4.778 | BF54: =Spain!E18 -> -3.373 | BG54: =Spain!F18 -> -1.336 | BH54: =Spain!G18 -> 1.568 | BI54: =Spain!H18 -> 5.018 | BJ54: =Spain!I18 -> 3.49 | BK54: =Spain!J18 -> 1.354 | BL54: =Spain!K18 -> -1.544 | ... EA54: =Spain!BZ18 -> 11.589
BE55: =Spain!D19 -> -6.495 | BF55: =Spain!E19 -> -4.722 | BG55: =Spain!F19 -> -2.863 | BH55: =Spain!G19 -> 2.031 | BI55: =Spain!H19 -> 6.947 | BJ55: =Spain!I19 -> 4.956 | BK55: =Spain!J19 -> 2.947 | BL55: =Spain!K19 -> -1.991 | ... EA55: =Spain!BZ19 -> 12.536
BE56: =Spain!D20 -> 1.228 | BF56: =Spain!E20 -> 5.501 | BG56: =Spain!F20 -> 9.02 | BH56: =Spain!G20 -> 11.427 | BI56: =Spain!H20 -> -1.213 | BJ56: =Spain!I20 -> -5.214 | BK56: =Spain!J20 -> -8.274 | BL56: =Spain!K20 -> -10.256 | ... EA56: =Spain!BZ20 -> 11.289
... BE63: =Spain!D27 -> -6.124 | BF63: =Spain!E27 -> -2.727 | BG63: =Spain!F27 -> -0.639 | BH63: =Spain!G27 -> 2.5 | BI63: =Spain!H27 -> 6.523 | BJ63: =Spain!I27 -> 2.803 | BK63: =Spain!J27 -> 0.643 | BL63: =Spain!K27 -> -2.439 | ... EA63: =Spain!BZ27 -> 12.222
A67: UK
A68: 1993-Q1 | B68: 1993-Q2 | C68: 1993-Q3 | D68: 1993-Q4 | E68: 1994-Q1 | F68: 1994-Q2 | G68: 1994-Q3 | H68: 1994-Q4 | I68: 1995-Q1 | J68: 1995-Q2 | K68: 1995-Q3 | L68: 1995-Q4 | M68: 1996-Q1 | N68: 1996-Q2 | O68: 1996-Q3 | P68: 1996-Q4 | Q68: 1997-Q1 | R68: 1997-Q2 | S68: 1997-Q3 | T68: 1997-Q4 | U68: 1998-Q1 | V68: 1998-Q2 | W68: 1998-Q3 | X68: 1998-Q4 | Y68: 1999-Q1 | Z68: 1999-Q2 | AA68: 1999-Q3 | AB68: 1999-Q4 | AC68: 2000-Q1 | AD68: 2000-Q2 | AE68: 2000-Q3 | AF68: 2000-Q4 | AG68: 2001-Q1 | AH68: 2001-Q2 | AI68: 2001-Q3 | AJ68: 2001-Q4 | AK68: 2002-Q1 | AL68: 2002-Q2 | AM68: 2002-Q3 | AN68: 2002-Q4 | AO68: 2003-Q1 | AP68: 2003-Q2 | AQ68: 2003-Q3 | AR68: 2003-Q4 | AS68: 2004-Q1 | AT68: 2004-Q2 | AU68: 2004-Q3 | AV68: 2004-Q4 | AW68: 2005-Q1 | AX68: 2005-Q2 | AY68: 2005-Q3 | AZ68: 2005-Q4 | BA68: 2006-Q1 | BB68: 2006-Q2 | BC68: 2006-Q3 | BD68: 2006-Q4 | BE68: 2007-Q1 | BF68: 2007-Q2 | BG68: 2007-Q3 | BH68: 2007-Q4 | BI68: 2008-Q1 | BJ68: 2008-Q2 | BK68: 2008-Q3 | BL68: 2008-Q4 | BM68: 2009-Q1 | BN68: 2009-Q2 | BO68: 2009-Q3 | BP68: 2009-Q4 | BQ68: 2010-Q1 | BR68: 2010-Q2 | BS68: 2010-Q3 | BT68: 2010-Q4 | BU68: 2011-Q1 | BV68: 2011-Q2 | BW68: 2011-Q3 | BX68: 2011-Q4 | BY68: 2012-Q1 | BZ68: 2012-Q2 | CA68: 2012-Q3 | CB68: 2012-Q4 | CC68: 2013-Q1 | CD68: 2013-Q2 | CE68: 2013-Q3 | CF68: 2013-Q4 | CG68: 2014-Q1 | CH68: 2014-Q2 | CI68: 2014-Q3 | CJ68: 2014-Q4 | CK68: 2015-Q1 | CL68: 2015-Q2 | CM68: 2015-Q3 | CN68: 2015-Q4 | CO68: 2016-Q1 | CP68: 2016-Q2 | CQ68: 2016-Q3 | CR68: 2016-Q4 | CS68: 2017-Q1 | CT68: 2017-Q2 | CU68: 2017-Q3 | CV68: 2017-Q4 | CW68: 2018-Q1 | CX68: 2018-Q2 | CY68: 2018-Q3 | CZ68: 2018-Q4 | DA68: 2019-Q1 | DB68: 2019-Q2 | DC68: 2019-Q3 | DD68: 2019-Q4 | DE68: 2020-Q1 | DF68: 2020-Q2 | DG68: 2020-Q3 | DH68: 2020-Q4 | DI68: 2021-Q1 | DJ68: 2021-Q2 | DK68: 2021-Q3 | DL68: 2021-Q4 | DM68: 2022-Q1 | DN68: 2022-Q2 | DO68: 2022-Q3 | DP68: 2022-Q4 | DQ68: 2023-Q1 | DR68: 2023-Q2 | DS68: 2023-Q3 | DT68: 2023-Q4 | DU68: 2024-Q1 | DV68: 2024-Q2 | DW68: 2024-Q3 | DX68: 2024-Q4 | DY68: 2025-Q1 | DZ68: 2025-Q2 | EA68: 2025-Q3
M69: =UK!BH9 -> -3.011 | N69: =UK!BI9 -> 0 | O69: =UK!BJ9 -> 1.629 | P69: =UK!BK9 -> 1.648 | Q69: =UK!BL9 -> 3.622 | R69: =UK!BM9 -> 4.125 | S69: =UK!BN9 -> 3.822 | T69: =UK!BO9 -> 3.491 | ... EA69: =UK!FV9 -> 5.688
M70: =UK!BH10 -> -2.568 | N70: =UK!BI10 -> -1.12 | O70: =UK!BJ10 -> 0.801 | P70: =UK!BK10 -> 2.946 | Q70: =UK!BL10 -> 3.954 | R70: =UK!BM10 -> 4.531 | S70: =UK!BN10 -> 4.928 | T70: =UK!BO10 -> 4.452 | ... EA70: =UK!FV10 -> 4.212
M71: =UK!BH11 -> -2.572 | N71: =UK!BI11 -> -0.75 | O71: =UK!BJ11 -> 0.601 | P71: =UK!BK11 -> 1.991 | Q71: =UK!BL11 -> 3.106 | R71: =UK!BM11 -> 3.625 | S71: =UK!BN11 -> 3.731 | T71: =UK!BO11 -> 3.003 | ... EA71: =UK!FV11 -> 3.616
M72: =UK!BH12 -> -1.786 | N72: =UK!BI12 -> -0.177 | O72: =UK!BJ12 -> 2.309 | P72: =UK!BK12 -> 4.137 | Q72: =UK!BL12 -> 5.455 | R72: =UK!BM12 -> 6.572 | S72: =UK!BN12 -> 7.292 | T72: =UK!BO12 -> 6.908 | ... EA72: =UK!FV12 -> 3.952
M73: =UK!BH13 -> -1.349 | N73: =UK!BI13 -> -0.828 | O73: =UK!BJ13 -> 2.504 | P73: =UK!BK13 -> 4.73 | Q73: =UK!BL13 -> 6.496 | R73: =UK!BM13 -> 7.513 | S73: =UK!BN13 -> 7.98 | T73: =UK!BO13 -> 6.774 | ... EA73: =UK!FV13 -> 3.321
M74: =UK!BH14 -> -2.236 | N74: =UK!BI14 -> -0.407 | O74: =UK!BJ14 -> 1.417 | P74: =UK!BK14 -> 5.176 | Q74: =UK!BL14 -> 7.9 | R74: =UK!BM14 -> 9.611 | S74: =UK!BN14 -> 12.375 | T74: =UK!BO14 -> 12.992 | ... EA74: =UK!FV14 -> 2.768
M75: =UK!BH15 -> 2.651 | N75: =UK!BI15 -> 3.073 | O75: =UK!BJ15 -> 4.941 | P75: =UK!BK15 -> 7.876 | Q75: =UK!BL15 -> 10.798 | R75: =UK!BM15 -> 13.303 | S75: =UK!BN15 -> 17.265 | T75: =UK!BO15 -> 18.584 | ... EA75: =UK!FV15 -> -0.472
M76: =UK!BH16 -> -0.2 | N76: =UK!BI16 -> 0.791 | O76: =UK!BJ16 -> 3.762 | P76: =UK!BK16 -> 5.788 | Q76: =UK!BL16 -> 9.237 | R76: =UK!BM16 -> 11.961 | S76: =UK!BN16 -> 14.695 | T76: =UK!BO16 -> 16.981 | ... EA76: =UK!FV16 -> 1.429
M77: =UK!BH17 -> -1.575 | N77: =UK!BI17 -> 0.391 | O77: =UK!BJ17 -> 3.74 | P77: =UK!BK17 -> 6.163 | Q77: =UK!BL17 -> 8.8 | R77: =UK!BM17 -> 9.339 | S77: =UK!BN17 -> 10.816 | T77: =UK!BO17 -> 11.423 | ... EA77: =UK!FV17 -> 1.768
M78: =UK!BH18 -> -0.838 | N78: =UK!BI18 -> 0.997 | O78: =UK!BJ18 -> 0.493 | P78: =UK!BK18 -> 3.02 | Q78: =UK!BL18 -> 5.068 | R78: =UK!BM18 -> 4.77 | S78: =UK!BN18 -> 6.383 | T78: =UK!BO18 -> 5.863 | ... EA78: =UK!FV18 -> 2.228
M79: =UK!BH19 -> 11.261 | N79: =UK!BI19 -> 3.111 | O79: =UK!BJ19 -> 0.415 | P79: =UK!BK19 -> 2.532 | Q79: =UK!BL19 -> -3.239 | R79: =UK!BM19 -> 9.052 | S79: =UK!BN19 -> 7.438 | T79: =UK!BO19 -> 6.996 | ... EA79: =UK!FV19 -> 4.34
M80: =UK!BH20 -> 3.659 | N80: =UK!BI20 -> 8.835 | O80: =UK!BJ20 -> 8.4 | P80: =UK!BK20 -> 14.961 | Q80: =UK!BL20 -> 18.824 | R80: =UK!BM20 -> 5.904 | S80: =UK!BN20 -> 12.915 | T80: =UK!BO20 -> 4.452 | ... EA80: =UK!FV20 -> 7.021

Sheet Spain
B1: National and regional house price indices
B2: Reference area type: Large regions
B3: Frequency of observation: Quarterly
B4: Measure: House price index
B5: Combined unit of measure: Percent per annum, Growth rate, over 1 year
B7: Time period | C7: Time period | D7: 2007-Q1 | E7: 2007-Q2 | F7: 2007-Q3 | G7: 2007-Q4 | H7: 2008-Q1 | I7: 2008-Q2 | J7: 2008-Q3 | K7: 2008-Q4 | L7: 2009-Q1 | M7: 2009-Q2 | N7: 2009-Q3 | O7: 2009-Q4 | P7: 2010-Q1 | Q7: 2010-Q2 | R7: 2010-Q3 | S7: 2010-Q4 | T7: 2011-Q1 | U7: 2011-Q2 | V7: 2011-Q3 | W7: 2011-Q4 | X7: 2012-Q1 | Y7: 2012-Q2 | Z7: 2012-Q3 | AA7: 2012-Q4 | AB7: 2013-Q1 | AC7: 2013-Q2 | AD7: 2013-Q3 | AE7: 2013-Q4 | AF7: 2014-Q1 | AG7: 2014-Q2 | AH7: 2014-Q3 | AI7: 2014-Q4 | AJ7: 2015-Q1 | AK7: 2015-Q2 | AL7: 2015-Q3 | AM7: 2015-Q4 | AN7: 2016-Q1 | AO7: 2016-Q2 | AP7: 2016-Q3 | AQ7: 2016-Q4 | AR7: 2017-Q1 | AS7: 2017-Q2 | AT7: 2017-Q3 | AU7: 2017-Q4 | AV7: 2018-Q1 | AW7: 2018-Q2 | AX7: 2018-Q3 | AY7: 2018-Q4 | AZ7: 2019-Q1 | BA7: 2019-Q2 | BB7: 2019-Q3 | BC7: 2019-Q4 | BD7: 2020-Q1 | BE7: 2020-Q2 | BF7: 2020-Q3 | BG7: 2020-Q4 | BH7: 2021-Q1 | BI7: 2021-Q2 | BJ7: 2021-Q3 | BK7: 2021-Q4 | BL7: 2022-Q1 | BM7: 2022-Q2 | BN7: 2022-Q3 | BO7: 2022-Q4 | BP7: 2023-Q1 | BQ7: 2023-Q2 | BR7: 2023-Q3 | BS7: 2023-Q4 | BT7: 2024-Q1 | BU7: 2024-Q2 | BV7: 2024-Q3 | BW7: 2024-Q4 | BX7: 2025-Q1 | BY7: 2025-Q2 | BZ7: 2025-Q3
B8: Reference area
B9: Galicia | D9: -6.768 | E9: -4.544 | F9: -2.329 | G9: 0.41 | H9: 7.26 | I9: 4.76 | J9: 2.384 | K9: -0.409 | L9: -0.543 | M9: -0.849 | N9: -2.033 | O9: -1.47 | P9: -2.418 | Q9: -0.779 | R9: -3.238 | S9: -1.385 | T9: -2.964 | U9: -5.464 | V9: -3.961 | W9: -7.904 | X9: -11.147 | Y9: -12.73 | Z9: -15.346 | AA9: -12.623 | AB9: -13.44 | AC9: -12.956 | AD9: -7.137 | AE9: -10.862 | AF9: -3.719 | AG9: 0.067 | AH9: -1.974 | AI9: 1.008 | AJ9: 0.52 | AK9: 0.799 | AL9: 2.466 | AM9: 1.664 | AN9: 3.296 | AO9: 1.232 | AP9: 1.263 | AQ9: 2.074 | AR9: 1.322 | AS9: 0.959 | AT9: 1.73 | AU9: 2.887 | AV9: 3.202 | AW9: 3.919 | AX9: 4.068 | AY9: 4.06 | AZ9: 3.558 | BA9: 4.847 | BB9: 3.749 | BC9: 3.917 | BD9: 3.277 | BE9: 2.67 | BF9: 1.921 | BG9: 1.162 | BH9: 2.245 | BI9: 3.495 | BJ9: 5.788 | BK9: 6.832 | BL9: 8.285 | BM9: 7.674 | BN9: 6.08 | BO9: 4.478 | BP9: 3.359 | BQ9: 3.118 | BR9: 4.559 | BS9: 3.431 | BT9: 5.109 | BU9: 6.718 | BV9: 7.35 | BW9: 10.547 | BX9: 11.219 | BY9: 12.747 | BZ9: 13.383
B10: Asturias | D10: -5.679 | E10: -1.479 | F10: 0.919 | G10: 1.652 | H10: 6.021 | I10: 1.501 | J10: -0.911 | K10: -1.625 | L10: -1.768 | M10: -0.935 | N10: -0.493 | O10: -0.497 | P10: -1.602 | Q10: 0.22 | R10: -3.396 | S10: -1.043 | T10: -2.625 | U10: -6.205 | V10: -3.653 | W10: -10.453 | X10: -13.904 | Y10: -14.293 | Z10: -17.485 | AA10: -12.389 | AB10: -14.132 | AC10: -12.65 | AD10: -9.669 | AE10: -11.468 | AF10: -5.028 | AG10: -1.988 | AH10: -1.514 | AI10: -0.33 | AJ10: 0.324 | AK10: 0.941 | AL10: 3.465 | AM10: 1.301 | AN10: 3.105 | AO10: 0.71 | AP10: -0.012 | AQ10: 1.948 | AR10: 1.401 | AS10: -0.261 | AT10: 0.849 | AU10: 2.417 | AV10: 2.152 | AW10: 4.103 | AX10: 4.389 | AY10: 3.351 | AZ10: 3.787 | BA10: 5.116 | BB10: 3.534 | BC10: 4.296 | BD10: 4.363 | BE10: 3.815 | BF10: 2.723 | BG10: 1.855 | BH10: 2.178 | BI10: 3.635 | BJ10: 4.611 | BK10: 6.155 | BL10: 7.27 | BM10: 6.595 | BN10: 6.408 | BO10: 4.62 | BP10: 3.594 | BQ10: 2.852 | BR10: 5.032 | BS10: 3.471 | BT10: 5.115 | BU10: 7.373 | BV10: 6.882 | BW10: 11.734 | BX10: 13.065 | BY10: 13.536 | BZ10: 13.491
B11: Cantabria | D11: -5.145 | E11: -2.297 | F11: 0.135 | G11: 2.649 | H11: 5.425 | I11: 2.351 | J11: -0.135 | K11: -2.58 | L11: -7.208 | M11: -7.375 | N11: -6.584 | O11: -6.016 | P11: -5.913 | Q11: -4.273 | R11: -6.698 | S11: -7.16 | T11: -6.093 | U11: -9.189 | V11: -10.259 | W11: -11.586 | X11: -13.104 | Y11: -15.015 | Z11: -15.674 | AA11: -12.702 | AB11: -14.577 | AC11: -11.223 | AD11: -5.35 | AE11: -4.563 | AF11: 1.407 | AG11: 1.778 | AH11: 1.963 | AI11: 1.755 | AJ11: -0.334 | AK11: 5.07 | AL11: 4.776 | AM11: 1.97 | AN11: 5.14 | AO11: 2.119 | AP11: 0.734 | AQ11: 2.347 | AR11: 2.963 | AS11: 4.123 | AT11: 4.588 | AU11: 4.433 | AV11: 5.74 | AW11: 5.797 | AX11: 5.674 | AY11: 6.238 | AZ11: 5.697 | BA11: 2.226 | BB11: 2.368 | BC11: 2.148 | BD11: 0.971 | BE11: 1.289 | BF11: 1.378 | BG11: 1.192 | BH11: 2.045 | BI11: 5.322 | BJ11: 6.876 | BK11: 7.699 | BL11: 10.972 | BM11: 9.942 | BN11: 9.335 | BO11: 8.581 | BP11: 5.585 | BQ11: 4.75 | BR11: 5.922 | BS11: 4.338 | BT11: 6.807 | BU11: 8.644 | BV11: 8.862 | BW11: 11.763 | BX11: 10.212 | BY11: 10.818 | BZ11: 12.599
B12: Basque Country | D12: -1.489 | E12: 1.253 | F12: 6.766 | G12: 8.74 | H12: 1.511 | I12: -1.237 | J12: -6.337 | K12: -8.038 | L12: -10.805 | M12: -12.603 | N12: -10.437 | O12: -7.056 | P12: -3.931 | Q12: -0.525 | R12: -0.616 | S12: -1.373 | T12: -3.195 | U12: -6.733 | V12: -8.681 | W12: -12.18 | X12: -16.16 | Y12: -15.596 | Z12: -15.32 | AA12: -13.254 | AB12: -12.946 | AC12: -9.808 | AD12: -4.983 | AE12: -5.339 | AF12: 1.384 | AG12: -1.391 | AH12: -1.909 | AI12: -0.019 | AJ12: -0.678 | AK12: 1.894 | AL12: 1.015 | AM12: 1.655 | AN12: 2.849 | AO12: 2.777 | AP12: 3.524 | AQ12: 1.16 | AR12: 3.283 | AS12: 4.545 | AT12: 5.786 | AU12: 7.102 | AV12: 6.112 | AW12: 5.784 | AX12: 4.822 | AY12: 5.035 | AZ12: 5.778 | BA12: 3.857 | BB12: 4.829 | BC12: 2.949 | BD12: 3.392 | BE12: 1.618 | BF12: 1.856 | BG12: 2.164 | BH12: 0.198 | BI12: 2.554 | BJ12: 1.355 | BK12: 4.227 | BL12: 6.25 | BM12: 6.496 | BN12: 7.802 | BO12: 4.918 | BP12: 3.082 | BQ12: 3.032 | BR12: 3.811 | BS12: 3.875 | BT12: 6.385 | BU12: 8.458 | BV12: 8.397 | BW12: 10.683 | BX12: 12.41 | BY12: 12.402 | BZ12: 11.641
B13: Navarra | D13: -0.923 | E13: -0.598 | F13: 5.551 | G13: 5.982 | H13: 0.932 | I13: 0.602 | J13: -5.259 | K13: -5.644 | L13: -10.114 | M13: -11.333 | N13: -10.133 | O13: -8.306 | P13: -6.683 | Q13: -6.153 | R13: -6.479 | S13: -5.851 | T13: -6.361 | U13: -7.601 | V13: -5.874 | W13: -10.902 | X13: -15.597 | Y13: -14.458 | Z13: -14.832 | AA13: -11.015 | AB13: -10.232 | AC13: -11.116 | AD13: -10.947 | AE13: -13.171 | AF13: -8.639 | AG13: -6.062 | AH13: -6.945 | AI13: -4.159 | AJ13: -0.877 | AK13: 0.177 | AL13: 1.39 | AM13: 1.77 | AN13: 2.498 | AO13: 0.137 | AP13: 2.17 | AQ13: 1.931 | AR13: 1.951 | AS13: 2.646 | AT13: 2.148 | AU13: 2.141 | AV13: 2.14 | AW13: 3.454 | AX13: 4.302 | AY13: 4.025 | AZ13: 4.938 | BA13: 3.895 | BB13: 3.069 | BC13: 3.223 | BD13: 3.218 | BE13: 1.213 | BF13: 1.735 | BG13: 0.585 | BH13: 0.231 | BI13: 2.575 | BJ13: 3.277 | BK13: 5.213 | BL13: 7.755 | BM13: 7.267 | BN13: 6.794 | BO13: 7.214 | BP13: 5.758 | BQ13: 5.639 | BR13: 7.625 | BS13: 4.674 | BT13: 7.627 | BU13: 10.304 | BV13: 10.714 | BW13: 12.906 | BX13: 11.437 | BY13: 12.037 | BZ13: 10.906
B14: La Rioja | D14: -6.069 | E14: -1.962 | F14: 1.891 | G14: 3.966 | H14: 6.461 | I14: 2.002 | J14: -1.856 | K14: -3.815 | L14: -8.014 | M14: -6.45 | N14: -4.151 | O14: -3.064 | P14: -2.943 | Q14: -1.697 | R14: -4.264 | S14: -6.219 | T14: -7.81 | U14: -10.912 | V14: -11.268 | W14: -14.242 | X14: -12.725 | Y14: -15.212 | Z14: -16.53 | AA14: -13.801 | AB14: -18.007 | AC14: -15.012 | AD14: -9.507 | AE14: -11.645 | AF14: -3.745 | AG14: -1.721 | AH14: -3.47 | AI14: 0.217 | AJ14: -1.538 | AK14: 1.195 | AL14: 0.855 | AM14: 1.547 | AN14: 3.811 | AO14: 1.528 | AP14: 2.224 | AQ14: 0.349 | AR14: 2.117 | AS14: 1.414 | AT14: 1.014 | AU14: 3.621 | AV14: 3.217 | AW14: 4.311 | AX14: 6.668 | AY14: 5.473 | AZ14: 6.24 | BA14: 6.207 | BB14: 4.401 | BC14: 4.662 | BD14: 3.185 | BE14: 2.174 | BF14: 1.192 | BG14: 1.021 | BH14: 1.466 | BI14: 2.312 | BJ14: 5.124 | BK14: 5.267 | BL14: 7.312 | BM14: 7.854 | BN14: 8.051 | BO14: 5.411 | BP14: 2.786 | BQ14: 2.625 | BR14: 1.921 | BS14: 3.926 | BT14: 7.118 | BU14: 8.609 | BV14: 9.189 | BW14: 11.877 | BX14: 13.247 | BY14: 13.744 | BZ14: 14.122
B15: Aragon | D15: -0.126 | E15: 0.173 | F15: 5.237 | G15: 7.179 | H15: 0.126 | I15: -0.173 | J15: -4.976 | K15: -6.698 | L15: -9.714 | M15: -10.011 | N15: -8.505 | O15: -6.8 | P15: -6.225 | Q15: -5.249 | R15: -5.911 | S15: -4.325 | T15: -6.212 | U15: -7.485 | V15: -6.654 | W15: -12.499 | X15: -14.875 | Y15: -14.532 | Z15: -16.236 | AA15: -11.811 | AB15: -13.163 | AC15: -13.974 | AD15: -11.144 | AE15: -12.46 | AF15: -4.889 | AG15: -2.279 | AH15: -2.002 | AI15: 0.064 | AJ15: 0.493 | AK15: 1.322 | AL15: 0.92 | AM15: 0.658 | AN15: 1.929 | AO15: 1.328 | AP15: 1.998 | AQ15: 2.335 | AR15: 3.743 | AS15: 1.641 | AT15: 2.858 | AU15: 3.132 | AV15: 3.075 | AW15: 4.501 | AX15: 5.476 | AY15: 6.203 | AZ15: 6.414 | BA15: 6.676 | BB15: 5.757 | BC15: 5.492 | BD15: 3.634 | BE15: 3.027 | BF15: 2.5 | BG15: 1.091 | BH15: 1.898 | BI15: 2.471 | BJ15: 4.458 | BK15: 6.329 | BL15: 7.697 | BM15: 7.542 | BN15: 6.182 | BO15: 4.289 | BP15: 3.183 | BQ15: 3.41 | BR15: 4.725 | BS15: 4.284 | BT15: 7.018 | BU15: 9.853 | BV15: 10.31 | BW15: 13.348 | BX15: 13.244 | BY15: 13.702 | BZ15: 14.583
B16: Madrid | D16: 2.827 | E16: 5.01 | F16: 7.542 | G16: 8.831 | H16: -2.749 | I16: -4.771 | J16: -7.013 | K16: -8.115 | L16: -11.184 | M16: -12.389 | N16: -11 | O16: -6.591 | P16: -2.292 | Q16: 1.359 | R16: 0.878 | S16: 1.679 | T16: -3.051 | U16: -7.077 | V16: -8.856 | W16: -15.679 | X16: -14.247 | Y16: -16.011 | Z16: -17.903 | AA16: -13.068 | AB16: -16.755 | AC16: -13.189 | AD16: -8.187 | AE16: -6.484 | AF16: 1.86 | AG16: 2.691 | AH16: 2.821 | AI16: 2.902 | AJ16: 2.312 | AK16: 6.351 | AL16: 6.923 | AM16: 7.318 | AN16: 9.742 | AO16: 7.755 | AP16: 7.812 | AQ16: 9.016 | AR16: 10.644 | AS16: 10.869 | AT16: 12.348 | AU16: 11.912 | AV16: 10.154 | AW16: 10.114 | AX16: 10.888 | AY16: 9.579 | AZ16: 9.714 | BA16: 6.459 | BB16: 4.604 | BC16: 2.934 | BD16: 2.514 | BE16: 1.658 | BF16: 1.214 | BG16: 1.474 | BH16: -0.029 | BI16: 1.9 | BJ16: 2.837 | BK16: 5.476 | BL16: 7.46 | BM16: 7.275 | BN16: 7.615 | BO16: 4.945 | BP16: 3.065 | BQ16: 4.078 | BR16: 4.103 | BS16: 4.463 | BT16: 5.883 | BU16: 7.182 | BV16: 7.24 | BW16: 10.323 | BX16: 11.637 | BY16: 13.265 | BZ16: 14.223
B17: Castile and León | D17: -6.894 | E17: -3.531 | F17: -0.312 | G17: 2.576 | H17: 7.404 | I17: 3.661 | J17: 0.313 | K17: -2.511 | L17: -3.324 | M17: -2.387 | N17: -2.477 | O17: -2.528 | P17: -4.233 | Q17: -1.882 | R17: -3.55 | S17: -1.339 | T17: -3.491 | U17: -6.046 | V17: -4.793 | W17: -10.478 | X17: -10.506 | Y17: -14.036 | Z17: -15.923 | AA17: -12.389 | AB17: -16.639 | AC17: -14.777 | AD17: -11.596 | AE17: -13.216 | AF17: -5.632 | AG17: -1.903 | AH17: -2.785 | AI17: 0.833 | AJ17: 0.848 | AK17: 1.428 | AL17: 1.747 | AM17: 0.937 | AN17: 1.732 | AO17: 0.549 | AP17: 1.186 | AQ17: 0.774 | AR17: 2.087 | AS17: 1.124 | AT17: 1.06 | AU17: 2.283 | AV17: 2.189 | AW17: 3.776 | AX17: 5.693 | AY17: 4.731 | AZ17: 4.946 | BA17: 5.325 | BB17: 4.064 | BC17: 4.992 | BD17: 2.926 | BE17: 2.956 | BF17: 2.227 | BG17: 1.326 | BH17: 1.983 | BI17: 2.602 | BJ17: 4.232 | BK17: 5.381 | BL17: 7.244 | BM17: 6.412 | BN17: 6.559 | BO17: 4.062 | BP17: 2.501 | BQ17: 2.842 | BR17: 2.452 | BS17: 3.475 | BT17: 5.904 | BU17: 6.871 | BV17: 7.988 | BW17: 10.567 | BX17: 12.434 | BY17: 13.573 | BZ17: 14.422
B18: Castile-La Mancha | D18: -4.778 | E18: -3.373 | F18: -1.336 | G18: 1.568 | H18: 5.018 | I18: 3.49 | J18: 1.354 | K18: -1.544 | L18: -2.452 | M18: -3.508 | N18: -3.839 | O18: -2.108 | P18: -1.757 | Q18: 0.441 | R18: -2.378 | S18: -0.822 | T18: -4.371 | U18: -7.298 | V18: -5.147 | W18: -8.845 | X18: -9.794 | Y18: -11.57 | Z18: -13.766 | AA18: -11.194 | AB18: -16.467 | AC18: -16.119 | AD18: -12.886 | AE18: -14.925 | AF18: -6.043 | AG18: -1.613 | AH18: -3.23 | AI18: 0.406 | AJ18: 1.822 | AK18: 1.848 | AL18: 3.003 | AM18: 2.139 | AN18: 1.478 | AO18: 0.586 | AP18: 1.289 | AQ18: 0.011 | AR18: 1.608 | AS18: 0.756 | AT18: 0.17 | AU18: 0.429 | AV18: 0.671 | AW18: 1.475 | AX18: 3.204 | AY18: 4.09 | AZ18: 4.119 | BA18: 3.894 | BB18: 3.096 | BC18: 3.021 | BD18: 1.026 | BE18: 1.549 | BF18: 1.382 | BG18: 1.193 | BH18: 0.279 | BI18: 2.378 | BJ18: 2.996 | BK18: 3.994 | BL18: 7.128 | BM18: 6.034 | BN18: 6.575 | BO18: 4.029 | BP18: 1.62 | BQ18: 1.982 | BR18: 1.034 | BS18: 2.082 | BT18: 4.928 | BU18: 5.278 | BV18: 6.896 | BW18: 8.674 | BX18: 10.382 | BY18: 11.3 | BZ18: 11.589
B19: Extremadura | D19: -6.495 | E19: -4.722 | F19: -2.863 | G19: 2.031 | H19: 6.947 | I19: 4.956 | J19: 2.947 | K19: -1.991 | L19: -2.198 | M19: -1 | N19: -0.149 | O19: 1.898 | P19: 2.08 | Q19: 2.967 | R19: -0.881 | S19: 1.653 | T19: -3.745 | U19: -7.847 | V19: -4.701 | W19: -8.001 | X19: -6.998 | Y19: -7.373 | Z19: -9.752 | AA19: -8.628 | AB19: -13.678 | AC19: -15.649 | AD19: -14.043 | AE19: -15.66 | AF19: -7.457 | AG19: -3.495 | AH19: -4.603 | AI19: -0.717 | AJ19: 0.845 | AK19: 0.913 | AL19: 3.333 | AM19: 2.583 | AN19: 1.676 | AO19: 1.288 | AP19: 1.965 | AQ19: 0.79 | AR19: 1.091 | AS19: 0.357 | AT19: 0.026 | AU19: 0.188 | AV19: 0.341 | AW19: 2.195 | AX19: 2.219 | AY19: 2.664 | AZ19: 2.434 | BA19: 1.704 | BB19: 1.497 | BC19: 2.195 | BD19: 0.338 | BE19: 1.285 | BF19: -0.001 | BG19: 0.436 | BH19: -0.186 | BI19: 1.674 | BJ19: 2.862 | BK19: 4.893 | BL19: 6.925 | BM19: 5.336 | BN19: 6.531 | BO19: 2.803 | BP19: 1.074 | BQ19: 1.777 | BR19: 1.057 | BS19: 2.204 | BT19: 5.655 | BU19: 6.17 | BV19: 8.202 | BW19: 9.106 | BX19: 10.921 | BY19: 12.158 | BZ19: 12.536
B20: Catalonia | D20: 1.228 | E20: 5.501 | F20: 9.02 | G20: 11.427 | H20: -1.213 | I20: -5.214 | J20: -8.274 | K20: -10.256 | L20: -13.714 | M20: -13.264 | N20: -11.186 | O20: -7.026 | P20: -3.616 | Q20: -1.983 | R20: -2.28 | S20: -2.752 | T20: -5.46 | U20: -8.205 | V20: -10.337 | W20: -14.309 | X20: -14.941 | Y20: -16.538 | Z20: -17.41 | AA20: -14.318 | AB20: -16.434 | AC20: -13.381 | AD20: -8.09 | AE20: -7.188 | AF20: -0.424 | AG20: 1.577 | AH20: 1.117 | AI20: 2.22 | AJ20: 1.826 | AK20: 5.471 | AL20: 6.085 | AM20: 5.857 | AN20: 8.574 | AO20: 5.51 | AP20: 6.631 | AQ20: 7.444 | AR20: 8.779 | AS20: 9.29 | AT20: 9.95 | AU20: 10.206 | AV20: 8.566 | AW20: 9.331 | AX20: 9.063 | AY20: 8.15 | AZ20: 7.609 | BA20: 5.186 | BB20: 4.67 | BC20: 3.37 | BD20: 3.174 | BE20: 2.323 | BF20: 1.733 | BG20: 0.998 | BH20: 1.217 | BI20: 3.248 | BJ20: 3.284 | BK20: 6.069 | BL20: 7.711 | BM20: 7.214 | BN20: 8.124 | BO20: 5.461 | BP20: 3.486 | BQ20: 3.194 | BR20: 3.781 | BS20: 3.531 | BT20: 5.613 | BU20: 6.677 | BV20: 6.755 | BW20: 10.411 | BX20: 11.651 | BY20: 11.591 | BZ20: 11.289
... B27: Canary Islands | D27: -6.124 | E27: -2.727 | F27: -0.639 | G27: 2.5 | H27: 6.523 | I27: 2.803 | J27: 0.643 | K27: -2.439 | L27: -4.314 | M27: -4.323 | N27: -4.145 | O27: -2.47 | P27: -2.646 | Q27: -1.187 | R27: -2.901 | S27: -3.185 | T27: -3.334 | U27: -5.177 | V27: -6.74 | W27: -7.669 | X27: -10.602 | Y27: -14.311 | Z27: -15.032 | AA27: -13.331 | AB27: -12.171 | AC27: -9.249 | AD27: -5.807 | AE27: -6.805 | AF27: -4.666 | AG27: -0.226 | AH27: -0.617 | AI27: 0.529 | AJ27: 2.003 | AK27: 3.587 | AL27: 4.364 | AM27: 3.624 | AN27: 5.881 | AO27: 1.9 | AP27: 2.362 | AQ27: 3.336 | AR27: 3.441 | AS27: 3.591 | AT27: 4.507 | AU27: 6.035 | AV27: 4.545 | AW27: 5.942 | AX27: 5.366 | AY27: 4.143 | AZ27: 5.188 | BA27: 3.218 | BB27: 3.801 | BC27: 3.052 | BD27: 1.774 | BE27: 0.631 | BF27: 1.434 | BG27: 0.833 | BH27: 1.808 | BI27: 6.394 | BJ27: 6.953 | BK27: 7.809 | BL27: 10.882 | BM27: 9.437 | BN27: 8.052 | BO27: 8.142 | BP27: 5.503 | BQ27: 4.542 | BR27: 6.601 | BS27: 4.545 | BT27: 5.811 | BU27: 8.51 | BV27: 7.108 | BW27: 10.601 | BX27: 12.417 | BY27: 11.65 | BZ27: 12.222
B29: © Terms & conditions | CA29: National and regional house price indices

Sheet Denmark
B1: National and regional house price indices
B2: Reference area type: Large regions
B3: Frequency of observation: Quarterly
B4: Measure: House price index
B5: Combined unit of measure: Percent per annum, Growth rate, over 1 year
B7: Time period | C7: Time period | D7: 1993-Q1 | E7: 1993-Q2 | F7: 1993-Q3 | G7: 1993-Q4 | H7: 1994-Q1 | I7: 1994-Q2 | J7: 1994-Q3 | K7: 1994-Q4 | L7: 1995-Q1 | M7: 1995-Q2 | N7: 1995-Q3 | O7: 1995-Q4 | P7: 1996-Q1 | Q7: 1996-Q2 | R7: 1996-Q3 | S7: 1996-Q4 | T7: 1997-Q1 | U7: 1997-Q2 | V7: 1997-Q3 | W7: 1997-Q4 | X7: 1998-Q1 | Y7: 1998-Q2 | Z7: 1998-Q3 | AA7: 1998-Q4 | AB7: 1999-Q1 | AC7: 1999-Q2 | AD7: 1999-Q3 | AE7: 1999-Q4 | AF7: 2000-Q1 | AG7: 2000-Q2 | AH7: 2000-Q3 | AI7: 2000-Q4 | AJ7: 2001-Q1 | AK7: 2001-Q2 | AL7: 2001-Q3 | AM7: 2001-Q4 | AN7: 2002-Q1 | AO7: 2002-Q2 | AP7: 2002-Q3 | AQ7: 2002-Q4 | AR7: 2003-Q1 | AS7: 2003-Q2 | AT7: 2003-Q3 | AU7: 2003-Q4 | AV7: 2004-Q1 | AW7: 2004-Q2 | AX7: 2004-Q3 | AY7: 2004-Q4 | AZ7: 2005-Q1 | BA7: 2005-Q2 | BB7: 2005-Q3 | BC7: 2005-Q4 | BD7: 2006-Q1 | BE7: 2006-Q2 | BF7: 2006-Q3 | BG7: 2006-Q4 | BH7: 2007-Q1 | BI7: 2007-Q2 | BJ7: 2007-Q3 | BK7: 2007-Q4 | BL7: 2008-Q1 | BM7: 2008-Q2 | BN7: 2008-Q3 | BO7: 2008-Q4 | BP7: 2009-Q1 | BQ7: 2009-Q2 | BR7: 2009-Q3 | BS7: 2009-Q4 | BT7: 2010-Q1 | BU7: 2010-Q2 | BV7: 2010-Q3 | BW7: 2010-Q4 | BX7: 2011-Q1 | BY7: 2011-Q2 | BZ7: 2011-Q3 | CA7: 2011-Q4 | CB7: 2012-Q1 | CC7: 2012-Q2 | CD7: 2012-Q3 | CE7: 2012-Q4 | CF7: 2013-Q1 | CG7: 2013-Q2 | CH7: 2013-Q3 | CI7: 2013-Q4 | CJ7: 2014-Q1 | CK7: 2014-Q2 | CL7: 2014-Q3 | CM7: 2014-Q4 | CN7: 2015-Q1 | CO7: 2015-Q2 | CP7: 2015-Q3 | CQ7: 2015-Q4 | CR7: 2016-Q1 | CS7: 2016-Q2 | CT7: 2016-Q3 | CU7: 2016-Q4 | CV7: 2017-Q1 | CW7: 2017-Q2 | CX7: 2017-Q3 | CY7: 2017-Q4 | CZ7: 2018-Q1 | DA7: 2018-Q2 | DB7: 2018-Q3 | DC7: 2018-Q4 | DD7: 2019-Q1 | DE7: 2019-Q2 | DF7: 2019-Q3 | DG7: 2019-Q4 | DH7: 2020-Q1 | DI7: 2020-Q2 | DJ7: 2020-Q3 | DK7: 2020-Q4 | DL7: 2021-Q1 | DM7: 2021-Q2 | DN7: 2021-Q3 | DO7: 2021-Q4 | DP7: 2022-Q1 | DQ7: 2022-Q2 | DR7: 2022-Q3 | DS7: 2022-Q4 | DT7: 2023-Q1 | DU7: 2023-Q2 | DV7: 2023-Q3 | DW7: 2023-Q4 | DX7: 2024-Q1 | DY7: 2024-Q2 | DZ7: 2024-Q3 | EA7: 2024-Q4 | EB7: 2025-Q1 | EC7: 2025-Q2 | ED7: 2025-Q3
B8: Dwellings
B9: Reference area: Capital region
B10: Single family | D10: -6.748 | E10: -6.748 | F10: 0 | G10: 9.74 | H10: 17.763 | I10: 17.763 | J10: 12.579 | K10: 7.692 | L10: 4.469 | M10: 8.939 | N10: 12.291 | O10: 13.736 | P10: 12.834 | Q10: 11.795 | R10: 11.443 | S10: 13.043 | T10: 13.744 | U10: 13.761 | V10: 15.179 | W10: 11.538 | X10: 10.417 | Y10: 12.097 | Z10: 9.302 | AA10: 11.494 | AB10: 11.698 | AC10: 8.633 | AD10: 9.929 | AE10: 6.186 | AF10: 7.432 | AG10: 9.934 | AH10: 9.355 | AI10: 12.945 | AJ10: 12.893 | AK10: 9.337 | AL10: 9.735 | AM10: 6.304 | AN10: 5.292 | AO10: 6.887 | AP10: 4.839 | AQ10: 6.199 | AR10: 3.704 | AS10: 3.351 | AT10: 3.59 | AU10: 2.792 | AV10: 6.888 | AW10: 9.476 | AX10: 12.624 | AY10: 15.309 | AZ10: 17.9 | BA10: 21.64 | BB10: 27.473 | BC10: 34.69 | BD10: 36.842 | BE10: 37.453 | BF10: 28.793 | BG10: 17.329 | BH10: 6.805 | BI10: -2.725 | BJ10: -4.819 | BK10: -7.453 | BL10: -7.895 | BM10: -6.723 | BN10: -11.252 | BO10: -17.277 | BP10: -21.203 | BQ10: -20.721 | BR10: -14.739 | BS10: -3.186 | BT10: 5.725 | BU10: 9.47 | BV10: 7.435 | BW10: 7.313 | BX10: 3.249 | BY10: 0.346 | BZ10: -2.941 | CA10: -8.518 | CB10: -6.119 | CC10: -6.552 | CD10: -3.03 | CE10: 2.98 | CF10: 4.097 | CG10: 5.535 | CH10: 5.882 | CI10: 5.244 | CJ10: 4.472 | CK10: 5.245 | CL10: 5.903 | CM10: 4.467 | CN10: 6.849 | CO10: 8.97 | CP10: 8.361 | CQ10: 9.539 | CR10: 9.135 | CS10: 4.878 | CT10: 5.144 | CU10: 4.054 | CV10: 3.965 | CW10: 5.523 | CX10: 5.755 | CY10: 6.205 | CZ10: 5.932 | DA10: 5.923 | DB10: 4.354 | DC10: 4.348 | DD10: 3.333 | DE10: 2.731 | DF10: 3.52 | DG10: 3.516 | DH10: 2.968 | DI10: 2.278 | DJ10: 7.053 | DK10: 10.818 | DL10: 16.541 | DM10: 19.678 | DN10: 18.353 | DO10: 12.826 | DP10: 9.785 | DQ10: 6.515 | DR10: 0 | DS10: -5.131 | DT10: -8.717 | DU10: -7.767 | DV10: -2.982 | DW10: 3.818 | DX10: 3.755 | DY10: 6.105 | DZ10: 3.996 | EA10: 5.516 | EB10: 9.411 | EC10: 7.341 | ED10: 9.655
B11: Multi family | D11: -11.811 | E11: -10.484 | F11: -1.681 | G11: 6.14 | H11: 15.179 | I11: 13.514 | J11: 6.838 | K11: 3.306 | L11: -1.55 | M11: 5.556 | N11: 8.8 | O11: 12 | P11: 13.386 | Q11: 11.278 | R11: 11.765 | S11: 12.143 | T11: 12.5 | U11: 13.514 | V11: 13.816 | W11: 12.102 | X11: 14.198 | Y11: 16.071 | Z11: 16.763 | AA11: 19.318 | AB11: 17.297 | AC11: 16.923 | AD11: 17.327 | AE11: 14.286 | AF11: 16.59 | AG11: 14.912 | AH11: 14.346 | AI11: 17.083 | AJ11: 16.601 | AK11: 17.176 | AL11: 17.343 | AM11: 14.235 | AN11: 13.559 | AO11: 13.029 | AP11: 11.635 | AQ11: 10.28 | AR11: 11.045 | AS11: 7.781 | AT11: 6.761 | AU11: 5.085 | AV11: 3.226 | AW11: 6.684 | AX11: 8.443 | AY11: 15.323 | AZ11: 19.271 | BA11: 25.063 | BB11: 31.873 | BC11: 35.198 | BD11: 36.245 | BE11: 35.671 | BF11: 25.83 | BG11: 12.931 | BH11: 0.641 | BI11: -8.863 | BJ11: -11.144 | BK11: -11.756 | BL11: -9.076 | BM11: -10.373 | BN11: -13.036 | BO11: -13.495 | BP11: -21.891 | BQ11: -17.722 | BR11: -13.093 | BS11: -6.6 | BT11: 7.175 | BU11: 7.912 | BV11: 7.86 | BW11: 6.852 | BX11: 5.23 | BY11: 3.462 | BZ11: -2.429 | CA11: -4.208 | CB11: -4.374 | CC11: -4.331 | CD11: 4.149 | CE11: 5.439 | CF11: 8.108 | CG11: 11.317 | CH11: 7.968 | CI11: 9.921 | CJ11: 10.962 | CK11: 9.057 | CL11: 9.963 | CM11: 8.123 | CN11: 8.319 | CO11: 11.356 | CP11: 12.416 | CQ11: 13.022 | CR11: 11.84 | CS11: 8.371 | CT11: 7.761 | CU11: 8.124 | CV11: 7.153 | CW11: 8.427 | CX11: 9.141 | CY11: 8.197 | CZ11: 8.678 | DA11: 7.772 | DB11: 4.822 | DC11: 2.525 | DD11: 0.737 | DE11: -0.361 | DF11: -0.484 | DG11: 2.586 | DH11: 3.415 | DI11: 3.136 | DJ11: 7.056 | DK11: 8.283 | DL11: 12.618 | DM11: 14.386 | DN11: 13.523 | DO11: 10.2 | DP11: 6.702 | DQ11: 5.726 | DR11: -0.1 | DS11: -4.527 | DT11: -7.655 | DU11: -6.093 | DV11: -1.303 | DW11: 3.899 | DX11: 4.145 | DY11: 4.325 | DZ11: 5.482 | EA11: 7.404 | EB11: 11.633 | EC11: 12.537 | ED11: 11.935
D12: =AVERAGE(D10:D11) -> -9.2795 | E12: =AVERAGE(E10:E11) -> -8.616 | F12: =AVERAGE(F10:F11) -> -0.8405 | G12: =AVERAGE(G10:G11) -> 7.94 | H12: =AVERAGE(H10:H11) -> 16.471 | I12: =AVERAGE(I10:I11) -> 15.6385 | J12: =AVERAGE(J10:J11) -> 9.7085 | K12: =AVERAGE(K10:K11) -> 5.499 | ... ED12: =AVERAGE(ED10:ED11) -> 10.795
B13: Reference area: Zealand
B14: Single family | D14: -6.415 | E14: -6.792 | F14: -0.772 | G14: 9.163 | H14: 15.323 | I14: 15.789 | J14: 9.339 | K14: 4.015 | L14: 1.399 | M14: 5.594 | N14: 10.676 | O14: 11.93 | P14: 10.69 | Q14: 7.285 | R14: 8.039 | S14: 10.031 | T14: 12.773 | U14: 14.506 | V14: 12.798 | W14: 9.402 | X14: 7.459 | Y14: 9.434 | Z14: 7.916 | AA14: 8.854 | AB14: 9.512 | AC14: 6.404 | AD14: 8.313 | AE14: 6.699 | AF14: 7.277 | AG14: 8.333 | AH14: 9.932 | AI14: 9.193 | AJ14: 9.847 | AK14: 10.47 | AL14: 7.187 | AM14: 6.982 | AN14: 4.582 | AO14: 3.675 | AP14: 4.406 | AQ14: 5.182 | AR14: 5.143 | AS14: 5.41 | AT14: 5.505 | AU14: 4.38 | AV14: 6.341 | AW14: 6.726 | AX14: 8.174 | AY14: 11.364 | AZ14: 12.436 | BA14: 13.765 | BB14: 19.293 | BC14: 21.036 | BD14: 24.091 | BE14: 28.134 | BF14: 22.507 | BG14: 18.029 | BH14: 12.698 | BI14: 5.461 | BJ14: 1.54 | BK14: -0.549 | BL14: -3.792 | BM14: -4.315 | BN14: -6.826 | BO14: -14.254 | BP14: -18.243 | BQ14: -18.264 | BR14: -16.047 | BS14: -7.99 | BT14: -1.102 | BU14: -0.276 | BV14: 0 | BW14: -1.541 | BX14: -3.621 | BY14: -4.426 | BZ14: -6.233 | CA14: -8.535 | CB14: -7.659 | CC14: -6.946 | CD14: -6.204 | CE14: -1.866 | CF14: -0.156 | CG14: 0.467 | CH14: 2.205 | CI14: 2.06 | CJ14: 1.567 | CK14: 1.703 | CL14: 0.154 | CM14: 2.019 | CN14: 3.858 | CO14: 7.002 | CP14: 8.615 | CQ14: 6.545 | CR14: 4.903 | CS14: 3.414 | CT14: 5.666 | CU14: 4.857 | CV14: 5.099 | CW14: 6.74 | CX14: 4.692 | CY14: 5.586 | CZ14: 8.356 | DA14: 4.51 | DB14: 3.841 | DC14: 5.29 | DD14: 2.363 | DE14: 2.959 | DF14: 3.946 | DG14: 2.574 | DH14: 2.673 | DI14: 2.275 | DJ14: 3.084 | DK14: 6.93 | DL14: 11.361 | DM14: 15.222 | DN14: 15.075 | DO14: 11.508 | DP14: 9.139 | DQ14: 3.862 | DR14: 0.3 | DS14: -4.91 | DT14: -8.179 | DU14: -7.045 | DV14: -3.091 | DW14: 1.897 | DX14: 5.408 | DY14: 5.368 | DZ14: 4.012 | EA14: 6.618 | EB14: 4.225 | EC14: 6.593 | ED14: 6.924
B15: Multi family | D15: -6.038 | E15: -8.494 | F15: -6.13 | G15: 7.083 | H15: 9.237 | I15: 13.08 | J15: 6.939 | K15: -0.389 | L15: -4.779 | M15: 4.104 | N15: 6.107 | O15: 11.328 | P15: 9.653 | Q15: 6.452 | R15: 8.273 | S15: 8.772 | T15: 10.211 | U15: 9.764 | V15: 10.299 | W15: 7.419 | X15: 5.751 | Y15: 4.601 | Z15: 6.928 | AA15: 8.709 | AB15: 12.689 | AC15: 10.557 | AD15: 12.394 | AE15: 9.669 | AF15: 10.992 | AG15: 12.202 | AH15: 10.777 | AI15: 12.594 | AJ15: 12.077 | AK15: 12.53 | AL15: 10.407 | AM15: 10.291 | AN15: 9.267 | AO15: 9.454 | AP15: 8.197 | AQ15: 10.548 | AR15: 12.229 | AS15: 8.829 | AT15: 10.417 | AU15: 3.853 | AV15: 1.757 | AW15: 6.349 | AX15: 5.832 | AY15: 10.954 | AZ15: 12.435 | BA15: 14.096 | BB15: 14.749 | BC15: 17.357 | BD15: 24.117 | BE15: 28.488 | BF15: 25.424 | BG15: 24.016 | BH15: 11.634 | BI15: 3.507 | BJ15: 0.225 | BK15: -6.783 | BL15: -7.539 | BM15: -5.574 | BN15: -8.764 | BO15: -9.977 | BP15: -12.83 | BQ15: -15.046 | BR15: -15.271 | BS15: -8.866 | BT15: -2.613 | BU15: -5.041 | BV15: 2.326 | BW15: 1.431 | BX15: -1.977 | BY15: -4.735 | BZ15: -5.54 | CA15: -11.989 | CB15: -12.104 | CC15: -2.56 | CD15: -5.263 | CE15: 0.321 | CF15: 3.934 | CG15: -2.782 | CH15: 3.492 | CI15: 4.153 | CJ15: 1.893 | CK15: 4.293 | CL15: 1.687 | CM15: 3.374 | CN15: 7.121 | CO15: 6.098 | CP15: 10.256 | CQ15: 3.561 | CR15: 7.948 | CS15: 9.626 | CT15: 3.694 | CU15: 12.464 | CV15: 4.15 | CW15: 4.718 | CX15: 8.047 | CY15: 5.096 | CZ15: 3.728 | DA15: 5.507 | DB15: 5.983 | DC15: 0.97 | DD15: 7.683 | DE15: 3.796 | DF15: 2.88 | DG15: 4.082 | DH15: 2.647 | DI15: 2.171 | DJ15: 1.008 | DK15: 6.228 | DL15: 7.623 | DM15: 13.087 | DN15: 11.641 | DO15: 6.406 | DP15: 6.563 | DQ15: 4.946 | DR15: -2.681 | DS15: -4.49 | DT15: -7.136 | DU15: -6.692 | DV15: 0.714 | DW15: 7.158 | DX15: 9.684 | DY15: 2.525 | DZ15: 5.268 | EA15: 5.683 | EB15: 0.864 | EC15: 6.7 | ED15: 6.833
D16: =AVERAGE(D14:D15) -> -6.2265 | E16: =AVERAGE(E14:E15) -> -7.643 | F16: =AVERAGE(F14:F15) -> -3.451 | G16: =AVERAGE(G14:G15) -> 8.123 | H16: =AVERAGE(H14:H15) -> 12.28 | I16: =AVERAGE(I14:I15) -> 14.4345 | J16: =AVERAGE(J14:J15) -> 8.139 | K16: =AVERAGE(K14:K15) -> 1.813 | ... ED16: =AVERAGE(ED14:ED15) -> 6.8785
B17: Reference area: Southern Denmark
B18: Single family | D18: -3.846 | E18: -4.167 | F18: 0.647 | G18: 9.272 | H18: 16 | I18: 16.054 | J18: 10.289 | K18: 4.545 | L18: 1.437 | M18: 5.187 | N18: 9.329 | O18: 11.014 | P18: 11.048 | Q18: 10.411 | R18: 9.867 | S18: 11.749 | T18: 11.735 | U18: 11.166 | V18: 11.165 | W18: 7.71 | X18: 7.991 | Y18: 8.482 | Z18: 8.734 | AA18: 8.894 | AB18: 6.977 | AC18: 5.35 | AD18: 3.614 | AE18: 3.785 | AF18: 2.964 | AG18: 4.102 | AH18: 4.07 | AI18: 3.263 | AJ18: 4.223 | AK18: 2.439 | AL18: 2.421 | AM18: 0.929 | AN18: -0.184 | AO18: 0.733 | AP18: 0.182 | AQ18: 0.737 | AR18: 1.292 | AS18: 0.909 | AT18: 1.815 | AU18: 2.742 | AV18: 4.189 | AW18: 6.486 | AX18: 6.952 | AY18: 9.075 | AZ18: 9.441 | BA18: 11.675 | BB18: 13.167 | BC18: 14.519 | BD18: 19.649 | BE18: 18.03 | BF18: 18.999 | BG18: 16.239 | BH18: 13.218 | BI18: 12.452 | BJ18: 8.911 | BK18: 7.966 | BL18: 4.599 | BM18: 3.539 | BN18: 1.818 | BO18: -2.724 | BP18: -7.554 | BQ18: -10.695 | BR18: -9.263 | BS18: -6.768 | BT18: -3.293 | BU18: -0.617 | BV18: -0.369 | BW18: -0.25 | BX18: -1.513 | BY18: -1.988 | BZ18: -5.062 | CA18: -6.775 | CB18: -4.738 | CC18: -6.464 | CD18: -3.511 | CE18: -1.48 | CF18: -1.882 | CG18: 0.813 | CH18: 0 | CI18: -0.546 | CJ18: 0.274 | CK18: 2.823 | CL18: 0.943 | CM18: 2.885 | CN18: 5.328 | CO18: 3.268 | CP18: 5.073 | CQ18: 3.872 | CR18: 2.335 | CS18: 1.266 | CT18: 2.922 | CU18: 2.828 | CV18: 1.521 | CW18: 3.5 | CX18: 1.975 | CY18: 1.75 | CZ18: 5.993 | DA18: 3.382 | DB18: 4.116 | DC18: 5.405 | DD18: 2.473 | DE18: 2.921 | DF18: 3.372 | DG18: 3.613 | DH18: 1.264 | DI18: 1.589 | DJ18: 3.15 | DK18: 5.287 | DL18: 8.627 | DM18: 11.397 | DN18: 8.506 | DO18: 6.944 | DP18: 6.374 | DQ18: 2.808 | DR18: 0.402 | DS18: -4.396 | DT18: -5.501 | DU18: -2.732 | DV18: -0.1 | DW18: 3.657 | DX18: 4.262 | DY18: 2.006 | DZ18: 0.501 | EA18: 2.419 | EB18: 3.789 | EC18: 2.458 | ED18: 5.783
B19: Multi family | D19: -6.643 | E19: -9.622 | F19: -1.46 | G19: 4.693 | H19: 11.985 | I19: 12.167 | J19: 6.667 | K19: 1.724 | L19: -1.003 | M19: 5.085 | N19: 9.722 | O19: 8.475 | P19: 9.459 | Q19: 7.742 | R19: 6.013 | S19: 9.375 | T19: 12.346 | U19: 11.377 | V19: 13.433 | W19: 11.143 | X19: 7.143 | Y19: 9.946 | Z19: 6.842 | AA19: 5.913 | AB19: 10 | AC19: 6.357 | AD19: 8.621 | AE19: 5.34 | AF19: 7.692 | AG19: 7.816 | AH19: 7.029 | AI19: 8.525 | AJ19: 3.463 | AK19: 5.33 | AL19: 3.814 | AM19: 6.157 | AN19: 5.439 | AO19: 2.632 | AP19: 4.898 | AQ19: 3 | AR19: 5.159 | AS19: 12.032 | AT19: 6.226 | AU19: 4.854 | AV19: 3.208 | AW19: 0 | AX19: 6.044 | AY19: 10.556 | AZ19: 13.711 | BA19: 12.852 | BB19: 17.098 | BC19: 18.258 | BD19: 21.383 | BE19: 23.869 | BF19: 19.174 | BG19: 13.173 | BH19: 11.523 | BI19: 7.305 | BJ19: 3.342 | BK19: 5.257 | BL19: -1.663 | BM19: -2.465 | BN19: 0.599 | BO19: -7.253 | BP19: -7.85 | BQ19: -10.71 | BR19: -8.571 | BS19: -6.154 | BT19: -4.98 | BU19: 2.156 | BV19: 1.302 | BW19: 5.874 | BX19: 0.828 | BY19: -7.256 | BZ19: -9.126 | CA19: -11.484 | CB19: -6.566 | CC19: -9.104 | CD19: 3.96 | CE19: 2.332 | CF19: 4.1 | CG19: 13.302 | CH19: 0.272 | CI19: 3.989 | CJ19: 0.985 | CK19: 2.21 | CL19: 1.493 | CM19: -0.685 | CN19: 7.66 | CO19: 5 | CP19: 7.219 | CQ19: 13.103 | CR19: 2.587 | CS19: 5.019 | CT19: 4.364 | CU19: 0.366 | CV19: 4.792 | CW19: 4.657 | CX19: 2.031 | CY19: 4.01 | CZ19: 9.747 | DA19: 6.792 | DB19: 7.26 | DC19: 10.864 | DD19: 3.18 | DE19: 7.785 | DF19: 3.493 | DG19: -1.897 | DH19: -1.594 | DI19: -4.171 | DJ19: -0.422 | DK19: 0.859 | DL19: 6.156 | DM19: 4.14 | DN19: 8.369 | DO19: 5.964 | DP19: 2.747 | DQ19: 4.179 | DR19: -2.542 | DS19: -2.412 | DT19: -4.059 | DU19: -1.174 | DV19: 1.304 | DW19: 5.252 | DX19: 1.548 | DY19: -0.099 | DZ19: -2.772 | EA19: 1.468 | EB19: 9.756 | EC19: 3.271 | ED19: 6.823
D20: =AVERAGE(D18:D19) -> -5.2445 | E20: =AVERAGE(E18:E19) -> -6.8945 | F20: =AVERAGE(F18:F19) -> -0.4065 | G20: =AVERAGE(G18:G19) -> 6.9825 | H20: =AVERAGE(H18:H19) -> 13.9925 | I20: =AVERAGE(I18:I19) -> 14.1105 | J20: =AVERAGE(J18:J19) -> 8.478 | K20: =AVERAGE(K18:K19) -> 3.1345 | ... ED20: =AVERAGE(ED18:ED19) -> 6.303
B21: Reference area: Central Denmark
B22: Single family | D22: -5.614 | E22: -6.316 | F22: 0 | G22: 7.299 | H22: 16.357 | I22: 17.228 | J22: 9.22 | K22: 5.782 | L22: 2.236 | M22: 5.431 | N22: 9.091 | O22: 11.897 | P22: 10.313 | Q22: 9.394 | R22: 11.012 | S22: 11.494 | T22: 12.465 | U22: 13.019 | V22: 10.724 | W22: 7.99 | X22: 7.053 | Y22: 7.598 | Z22: 7.506 | AA22: 6.444 | AB22: 6.118 | AC22: 3.872 | AD22: 5.405 | AE22: 4.484 | AF22: 4.213 | AG22: 4.605 | AH22: 3.419 | AI22: 4.506 | AJ22: 4.681 | AK22: 3.774 | AL22: 2.066 | AM22: 1.232 | AN22: 1.016 | AO22: 1.212 | AP22: 1.417 | AQ22: 1.217 | AR22: 0.604 | AS22: 2.595 | AT22: 3.393 | AU22: 3.808 | AV22: 7 | AW22: 8.366 | AX22: 9.653 | AY22: 11.969 | AZ22: 12.71 | BA22: 13.465 | BB22: 16.725 | BC22: 19.31 | BD22: 22.388 | BE22: 22.943 | BF22: 19.608 | BG22: 14.306 | BH22: 10.705 | BI22: 7.336 | BJ22: 6.557 | BK22: 4.804 | BL22: 1.102 | BM22: 1.799 | BN22: -2.13 | BO22: -5.911 | BP22: -9.806 | BQ22: -11.779 | BR22: -8.948 | BS22: -5.256 | BT22: 0.268 | BU22: 2.136 | BV22: 1.992 | BW22: 3.112 | BX22: 1.071 | BY22: -1.307 | BZ22: -3.906 | CA22: -4.331 | CB22: -5.828 | CC22: -4.371 | CD22: -1.626 | CE22: -2.332 | CF22: 2.391 | CG22: 1.801 | CH22: 0.275 | CI22: 1.966 | CJ22: 1.374 | CK22: 2.041 | CL22: 1.511 | CM22: 2.755 | CN22: 4.201 | CO22: 3.733 | CP22: 4.465 | CQ22: 4.29 | CR22: 1.821 | CS22: 1.671 | CT22: 2.979 | CU22: 2.314 | CV22: 2.171 | CW22: 3.413 | CX22: 3.27 | CY22: 3.266 | CZ22: 3.125 | DA22: 3.912 | DB22: 3.289 | DC22: 1.825 | DD22: 2.667 | DE22: 2.118 | DF22: 2.358 | DG22: 3.943 | DH22: 2.715 | DI22: 2.65 | DJ22: 5.184 | DK22: 6.322 | DL22: 9.885 | DM22: 10.213 | DN22: 8.324 | DO22: 8.541 | DP22: 5.753 | DQ22: 4.073 | DR22: 1.314 | DS22: -3.884 | DT22: -3.956 | DU22: -3.033 | DV22: -0.1 | DW22: 3.938 | DX22: 1.751 | DY22: 2.926 | DZ22: 0.799 | EA22: 2.493 | EB22: 3.947 | EC22: 3.039 | ED22: 4.46
B23: Multi family | D23: -10.744 | E23: -7.595 | F23: -2.137 | G23: 4.803 | H23: 16.204 | I23: 15.068 | J23: 8.297 | K23: 0.833 | L23: -0.797 | M23: 3.571 | N23: 9.274 | O23: 12.81 | P23: 10.843 | Q23: 9.195 | R23: 10.332 | S23: 12.821 | T23: 15.58 | U23: 14.035 | V23: 11.371 | W23: 11.688 | X23: 5.643 | Y23: 8 | Z23: 6.006 | AA23: 4.07 | AB23: 9.496 | AC23: 6.268 | AD23: 8.782 | AE23: 8.939 | AF23: 5.962 | AG23: 6.971 | AH23: 5.469 | AI23: 3.333 | AJ23: 5.882 | AK23: 4.261 | AL23: 5.679 | AM23: 4.715 | AN23: 4.348 | AO23: 6.25 | AP23: 4.439 | AQ23: 4.976 | AR23: 6.25 | AS23: 7.014 | AT23: 7.606 | AU23: 8.804 | AV23: 9.15 | AW23: 13.319 | AX23: 16.008 | AY23: 18.05 | AZ23: 18.762 | BA23: 17.351 | BB23: 18.996 | BC23: 20.914 | BD23: 23.866 | BE23: 24.483 | BF23: 19.88 | BG23: 15.988 | BH23: 5.292 | BI23: -0.639 | BJ23: -5.151 | BK23: -9.398 | BL23: -5.541 | BM23: -4.242 | BN23: -4.636 | BO23: -7.192 | BP23: -12.278 | BQ23: -9.799 | BR23: -6.25 | BS23: -0.745 | BT23: 6.532 | BU23: 6.101 | BV23: 5.63 | BW23: 4.505 | BX23: 4.234 | BY23: 0.561 | BZ23: -2.805 | CA23: -3.161 | CB23: -3.221 | CC23: -2.51 | CD23: 0.289 | CE23: 3.858 | CF23: -0.289 | CG23: 2.003 | CH23: 5.324 | CI23: 1.429 | CJ23: 1.742 | CK23: 4.348 | CL23: 2.459 | CM23: 6.62 | CN23: 8.845 | CO23: 7.124 | CP23: 8 | CQ23: 4.095 | CR23: 8.519 | CS23: 5.019 | CT23: 4.198 | CU23: 3.807 | CV23: 2.536 | CW23: 2.27 | CX23: 2.844 | CY23: 7.335 | CZ23: 3.298 | DA23: 5.257 | DB23: 2.995 | DC23: -0.456 | DD23: 1.482 | DE23: 0 | DF23: 1.119 | DG23: 0.801 | DH23: -1.461 | DI23: 1.221 | DJ23: 3.65 | DK23: 7.719 | DL23: 11.631 | DM23: 10.746 | DN23: 8.324 | DO23: 6.955 | DP23: 5.72 | DQ23: 2.178 | DR23: -3.054 | DS23: -6.502 | DT23: -6.86 | DU23: -4.845 | DV23: 1.728 | DW23: 3.267 | DX23: 2.075 | DY23: -0.407 | DZ23: -1.798 | EA23: 1.122 | EB23: 2.337 | EC23: 5.828 | ED23: 7.731
D24: =AVERAGE(D22:D23) -> -8.179 | E24: =AVERAGE(E22:E23) -> -6.9555 | F24: =AVERAGE(F22:F23) -> -1.0685 | G24: =AVERAGE(G22:G23) -> 6.051 | H24: =AVERAGE(H22:H23) -> 16.2805 | I24: =AVERAGE(I22:I23) -> 16.148 | J24: =AVERAGE(J22:J23) -> 8.7585 | K24: =AVERAGE(K22:K23) -> 3.3075 | ... ED24: =AVERAGE(ED22:ED23) -> 6.0955
B25: Reference area: Northern Denmark
B26: Single family | D26: -5.9 | E26: -7.918 | F26: 0.303 | G26: 7.034 | H26: 15.674 | I26: 18.153 | J26: 9.366 | K26: 4.857 | L26: 1.355 | M26: 3.774 | N26: 8.287 | O26: 10.354 | P26: 7.487 | Q26: 7.013 | R26: 7.143 | S26: 7.654 | T26: 11.94 | U26: 12.136 | V26: 10.952 | W26: 8.028 | X26: 5.778 | Y26: 7.792 | Z26: 8.584 | AA26: 7.006 | AB26: 8.403 | AC26: 4.819 | AD26: 4.15 | AE26: 4.762 | AF26: 3.682 | AG26: 4.215 | AH26: 6.452 | AI26: 4.924 | AJ26: 5.421 | AK26: 4.596 | AL26: 1.783 | AM26: 0.542 | AN26: -0.532 | AO26: 1.582 | AP26: -0.175 | AQ26: 2.334 | AR26: 2.317 | AS26: -0.173 | AT26: 1.93 | AU26: 2.456 | AV26: 3.136 | AW26: 6.412 | AX26: 8.262 | AY26: 6.678 | AZ26: 8.784 | BA26: 10.423 | BB26: 8.426 | BC26: 14.125 | BD26: 16.615 | BE26: 15.782 | BF26: 17.155 | BG26: 11.814 | BH26: 9.188 | BI26: 7.898 | BJ26: 7.384 | BK26: 8.428 | BL26: 6.22 | BM26: 1.653 | BN26: -0.117 | BO26: -5.22 | BP26: -10.103 | BQ26: -7.201 | BR26: -6.068 | BS26: -3.06 | BT26: 0 | BU26: -1.627 | BV26: 0.373 | BW26: -0.631 | BX26: -0.511 | BY26: 2.672 | BZ26: -2.847 | CA26: -5.083 | CB26: -3.466 | CC26: -4.833 | CD26: -2.93 | CE26: 2.945 | CF26: 1.995 | CG26: 1.563 | CH26: -1.312 | CI26: -0.78 | CJ26: 0.913 | CK26: 2.179 | CL26: 5.452 | CM26: 3.539 | CN26: 5.943 | CO26: 4.015 | CP26: 3.909 | CQ26: 3.418 | CR26: 1.951 | CS26: 2.654 | CT26: 4.854 | CU26: 3.672 | CV26: 4.665 | CW26: 3.525 | CX26: 2.315 | CY26: 3.896 | CZ26: 1.829 | DA26: 2.157 | DB26: 1.471 | DC26: 0.114 | DD26: 0.449 | DE26: 1.778 | DF26: 3.456 | DG26: 2.043 | DH26: 0.894 | DI26: -0.655 | DJ26: 0.754 | DK26: 5.784 | DL26: 8.306 | DM26: 8.681 | DN26: 6.845 | DO26: 4.522 | DP26: 4.192 | DQ26: 2.831 | DR26: -1.301 | DS26: -1.61 | DT26: -5.299 | DU26: -4.13 | DV26: 0.203 | DW26: -0.818 | DX26: 3.627 | DY26: 4.923 | DZ26: 1.417 | EA26: 2.99 | EB26: 0.9 | EC26: -1.369 | ED26: 0.998
B27: Multi family | D27: -9.921 | E27: -6.939 | F27: 0.424 | G27: 5.957 | H27: 14.097 | I27: 14.035 | J27: 8.017 | K27: 3.213 | L27: 0 | M27: 2.692 | N27: 6.25 | O27: 8.949 | P27: 13.127 | Q27: 11.61 | R27: 13.971 | S27: 13.214 | T27: 11.263 | U27: 12.416 | V27: 11.613 | W27: 11.356 | X27: 10.736 | Y27: 11.94 | Z27: 13.006 | AA27: 13.314 | AB27: 15.235 | AC27: 13.867 | AD27: 12.276 | AE27: 8 | AF27: 5.769 | AG27: 7.026 | AH27: 2.278 | AI27: 5.556 | AJ27: 4.545 | AK27: 0.656 | AL27: 6.013 | AM27: 2.851 | AN27: 2.826 | AO27: 1.304 | AP27: -0.84 | AQ27: -1.493 | AR27: -0.634 | AS27: 2.575 | AT27: 5.085 | AU27: 3.896 | AV27: 6.383 | AW27: 4.603 | AX27: 3.629 | AY27: 11.458 | AZ27: 5.8 | BA27: 12 | BB27: 14.008 | BC27: 13.271 | BD27: 20.416 | BE27: 22.857 | BF27: 25.427 | BG27: 16.832 | BH27: 13.972 | BI27: 3.779 | BJ27: -1.769 | BK27: 1.836 | BL27: 0 | BM27: 0 | BN27: -2.355 | BO27: -6.103 | BP27: -6.749 | BQ27: -5.042 | BR27: -4.823 | BS27: -1.034 | BT27: 1.329 | BU27: 6.637 | BV27: 5.365 | BW27: 3.433 | BX27: 1.895 | BY27: -0.968 | BZ27: -4.668 | CA27: -0.866 | CB27: -1.86 | CC27: -3.212 | CD27: 0.742 | CE27: 3.057 | CF27: 7.289 | CG27: 4.473 | CH27: 10.751 | CI27: 4.237 | CJ27: -1.359 | CK27: 5.663 | CL27: 3.59 | CM27: 5.556 | CN27: 9.642 | CO27: 9.804 | CP27: 7.189 | CQ27: 6.033 | CR27: 9.171 | CS27: 6.905 | CT27: 7.784 | CU27: 11.985 | CV27: 6.674 | CW27: 6.013 | CX27: 8.778 | CY27: 2.378 | CZ27: 3.883 | DA27: 2.101 | DB27: -2.451 | DC27: -0.95 | DD27: -6.957 | DE27: -0.823 | DF27: -0.733 | DG27: -4.904 | DH27: 5.804 | DI27: -0.519 | DJ27: -0.316 | DK27: 9.865 | DL27: 2.426 | DM27: 2.711 | DN27: 7.831 | DO27: 1.633 | DP27: 4.84 | DQ27: 4.467 | DR27: -5.201 | DS27: -0.904 | DT27: -6.778 | DU27: -10.593 | DV27: 1.553 | DW27: -4.053 | DX27: 1.054 | DY27: 4.13 | DZ27: 2.039 | EA27: 0.739 | EB27: -0.521 | EC27: 0.731 | ED27: -2.198
D28: =AVERAGE(D26:D27) -> -7.9105 | E28: =AVERAGE(E26:E27) -> -7.4285 | F28: =AVERAGE(F26:F27) -> 0.3635 | G28: =AVERAGE(G26:G27) -> 6.4955 | H28: =AVERAGE(H26:H27) -> 14.8855 | I28: =AVERAGE(I26:I27) -> 16.094 | J28: =AVERAGE(J26:J27) -> 8.6915 | K28: =AVERAGE(K26:K27) -> 4.035 | ... ED28: =AVERAGE(ED26:ED27) -> -0.6
B29: © Terms & conditions | EE29: National and regional house price indices

Sheet Poland
B1: National and regional house price indices
B2: Reference area type: Large regions
B3: Frequency of observation: Quarterly
B4: Measure: House price index
B5: Combined unit of measure: Percent per annum, Growth rate, over 1 year
B7: Time period | C7: Time period | D7: 2011-Q1 | E7: 2011-Q2 | F7: 2011-Q3 | G7: 2011-Q4 | H7: 2012-Q1 | I7: 2012-Q2 | J7: 2012-Q3 | K7: 2012-Q4 | L7: 2013-Q1 | M7: 2013-Q2 | N7: 2013-Q3 | O7: 2013-Q4 | P7: 2014-Q1 | Q7: 2014-Q2 | R7: 2014-Q3 | S7: 2014-Q4 | T7: 2015-Q1 | U7: 2015-Q2 | V7: 2015-Q3 | W7: 2015-Q4 | X7: 2016-Q1 | Y7: 2016-Q2 | Z7: 2016-Q3 | AA7: 2016-Q4 | AB7: 2017-Q1 | AC7: 2017-Q2 | AD7: 2017-Q3 | AE7: 2017-Q4 | AF7: 2018-Q1 | AG7: 2018-Q2 | AH7: 2018-Q3 | AI7: 2018-Q4 | AJ7: 2019-Q1 | AK7: 2019-Q2 | AL7: 2019-Q3 | AM7: 2019-Q4 | AN7: 2020-Q1 | AO7: 2020-Q2 | AP7: 2020-Q3 | AQ7: 2020-Q4 | AR7: 2021-Q1 | AS7: 2021-Q2 | AT7: 2021-Q3 | AU7: 2021-Q4 | AV7: 2022-Q1 | AW7: 2022-Q2 | AX7: 2022-Q3 | AY7: 2022-Q4 | AZ7: 2023-Q1 | BA7: 2023-Q2 | BB7: 2023-Q3 | BC7: 2023-Q4 | BD7: 2024-Q1 | BE7: 2024-Q2 | BF7: 2024-Q3 | BG7: 2024-Q4 | BH7: 2025-Q1 | BI7: 2025-Q2 | BJ7: 2025-Q3
B8: Reference area
B9: Lesser Poland | D9: 4.2 | E9: -1.3 | F9: 0.3 | G9: -0.3 | H9: -1.7 | I9: 0.3 | J9: -5.6 | K9: -6 | L9: -8.1 | M9: -7.7 | N9: -3.5 | O9: -1.3 | P9: 4.3 | Q9: 6.8 | R9: 1.9 | S9: 2.7 | T9: 1.5 | U9: -1.4 | V9: 3.7 | W9: 0.9 | X9: 2.7 | Y9: -2.9 | Z9: -0.6 | AA9: 6.5 | AB9: 1.6 | AC9: 8.8 | AD9: 4.5 | AE9: 1.9 | AF9: 5.7 | AG9: 4.7 | AH9: 1.3 | AI9: 5.8 | AJ9: 8.1 | AK9: 10.3 | AL9: 9.5 | AM9: 6.6 | AN9: 7.6 | AO9: 7.6 | AP9: 13.5 | AQ9: 7.5 | AR9: 5.9 | AS9: 6.6 | AT9: 9.2 | AU9: 13.9 | AV9: 14.5 | AW9: 12.3 | AX9: 11.5 | AY9: 11.5 | AZ9: 10.7 | BA9: 9.4 | BB9: 14.2 | BC9: 18.6 | BD9: 24.5 | BE9: 24.6 | BF9: 18.6 | BG9: 10.2 | BH9: 2.9 | BI9: 3.5 | BJ9: 2.4
B10: Silesia | D10: 4.5 | E10: 3.4 | F10: 1.8 | G10: 3.4 | H10: -1.5 | I10: -1.8 | J10: -5.7 | K10: -4.9 | L10: -6.1 | M10: -4 | N10: -2.9 | O10: -3 | P10: 0.4 | Q10: 1.1 | R10: 1.6 | S10: 1 | T10: 0.6 | U10: -1 | V10: -1.4 | W10: 0.8 | X10: 1.5 | Y10: 1.8 | Z10: 4.8 | AA10: 1.5 | AB10: 2.2 | AC10: 4.5 | AD10: 1.1 | AE10: 6.7 | AF10: 7.3 | AG10: 7.3 | AH10: 12.5 | AI10: 10.1 | AJ10: 11 | AK10: 10.4 | AL10: 10.5 | AM10: 11.5 | AN10: 15.9 | AO10: 16.2 | AP10: 14.5 | AQ10: 13.8 | AR10: 9.4 | AS10: 10.2 | AT10: 13 | AU10: 14 | AV10: 14.6 | AW10: 13 | AX10: 9 | AY10: 7.7 | AZ10: 3.2 | BA10: 3.8 | BB10: 8.5 | BC10: 12.7 | BD10: 19.1 | BE10: 20.3 | BF10: 17.6 | BG10: 13.5 | BH10: 9 | BI10: 5.4 | BJ10: 2.9
B11: Greater Poland | D11: -0.3 | E11: 0.7 | F11: -4.2 | G11: 1 | H11: 0.1 | I11: -2.8 | J11: -2.9 | K11: -5.8 | L11: -6.5 | M11: -3.4 | N11: -1.4 | O11: 1.2 | P11: -0.6 | Q11: 1.9 | R11: 3.6 | S11: 0.7 | T11: 3.1 | U11: 1.6 | V11: 0.8 | W11: 3.4 | X11: 1.1 | Y11: 0.7 | Z11: 2.4 | AA11: 0.9 | AB11: 3.3 | AC11: 2.6 | AD11: 0.8 | AE11: 1.4 | AF11: 4.1 | AG11: 7.3 | AH11: 7.6 | AI11: 9 | AJ11: 8.6 | AK11: 9.6 | AL11: 8.7 | AM11: 8.3 | AN11: 7.6 | AO11: 8 | AP11: 9.5 | AQ11: 10.9 | AR11: 10.4 | AS11: 7.6 | AT11: 8.3 | AU11: 10.5 | AV11: 11.9 | AW11: 13.7 | AX11: 19.4 | AY11: 12.5 | AZ11: 8.7 | BA11: 6.6 | BB11: 5.1 | BC11: 12.1 | BD11: 16.5 | BE11: 20.5 | BF11: 14.1 | BG11: 11 | BH11: 7.9 | BI11: 4.4 | BJ11: 5.9
B12: West Pomerania | D12: -0.9 | E12: -8.2 | F12: -3.7 | G12: -7.6 | H12: -5 | I12: -0.5 | J12: -5.7 | K12: -3.1 | L12: -2.7 | M12: -0.2 | N12: 1.3 | O12: -1.9 | P12: -0.9 | Q12: -0.1 | R12: 1 | S12: 2.3 | T12: 0.6 | U12: 1.2 | V12: -3.9 | W12: -2.7 | X12: -0.2 | Y12: -0.9 | Z12: 2.9 | AA12: 2.5 | AB12: 2.5 | AC12: 2.3 | AD12: 5.5 | AE12: 8.3 | AF12: 9.6 | AG12: 11.1 | AH12: 11.3 | AI12: 8.5 | AJ12: 7.5 | AK12: 10.2 | AL12: 6.7 | AM12: 12.8 | AN12: 16.8 | AO12: 10 | AP12: 11.2 | AQ12: 8.2 | AR12: 4.5 | AS12: 8.3 | AT12: 10.2 | AU12: 13.1 | AV12: 17.8 | AW12: 20 | AX12: 14.8 | AY12: 11.7 | AZ12: 6.2 | BA12: 0.4 | BB12: 3.6 | BC12: 1.2 | BD12: 7.1 | BE12: 10.5 | BF12: 6.2 | BG12: 7.6 | BH12: 2.1 | BI12: 0.8 | BJ12: 3.7
B13: Lubusz | D13: 1.5 | E13: 2.3 | F13: 0.8 | G13: 3.1 | H13: -2 | I13: -1.5 | J13: -3.1 | K13: -3.4 | L13: -0.2 | M13: -2.6 | N13: -2.8 | O13: 1.9 | P13: 1 | Q13: 2.8 | R13: 3.2 | S13: 0.9 | T13: 0.7 | U13: 2.8 | V13: 2.1 | W13: 1.6 | X13: 2.1 | Y13: 2 | Z13: 5.3 | AA13: 2.2 | AB13: 2.2 | AC13: 3.5 | AD13: 5.3 | AE13: 4.1 | AF13: 5 | AG13: 8.2 | AH13: 5.3 | AI13: 9.2 | AJ13: 9.3 | AK13: 6.3 | AL13: 9.4 | AM13: 9.5 | AN13: 16.9 | AO13: 12.7 | AP13: 8.5 | AQ13: 13 | AR13: 3.8 | AS13: 7.5 | AT13: 8.4 | AU13: 7.6 | AV13: 9.7 | AW13: 10 | AX13: 14 | AY13: 8.7 | AZ13: 8.7 | BA13: 5.1 | BB13: 8.2 | BC13: 15 | BD13: 20.6 | BE13: 22.5 | BF13: 16.4 | BG13: 11.1 | BH13: 4.8 | BI13: 4.4 | BJ13: 3.9
B14: Lower Silesia | D14: 6 | E14: 2.3 | F14: 0.9 | G14: -1.6 | H14: -4.4 | I14: -5.2 | J14: -5.4 | K14: -5.8 | L14: -5.5 | M14: -4.3 | N14: -4.2 | O14: -1.9 | P14: -2.1 | Q14: 2.8 | R14: 1.9 | S14: 0.1 | T14: 3.4 | U14: -4.2 | V14: -0.4 | W14: 0.9 | X14: -0.1 | Y14: 1.7 | Z14: 2.7 | AA14: 4.9 | AB14: 3.5 | AC14: 5.9 | AD14: 4.1 | AE14: 1.4 | AF14: 0 | AG14: -0.8 | AH14: 3.4 | AI14: 9.1 | AJ14: 12.1 | AK14: 12 | AL14: 10.1 | AM14: 6.7 | AN14: 10.9 | AO14: 12.6 | AP14: 10.5 | AQ14: 12.3 | AR14: 9.8 | AS14: 9.5 | AT14: 10.6 | AU14: 11.9 | AV14: 15.6 | AW14: 12.5 | AX14: 11.5 | AY14: 10 | AZ14: 4.9 | BA14: 12.1 | BB14: 15 | BC14: 18.3 | BD14: 21.5 | BE14: 17.4 | BF14: 15.1 | BG14: 11.7 | BH14: 8.2 | BI14: 6.7 | BJ14: 4.8
B15: Opole region | D15: 1.5 | E15: 2.3 | F15: 2.3 | G15: 2.2 | H15: -1.7 | I15: -3.5 | J15: -1.7 | K15: -4.7 | L15: -4.6 | M15: -4.6 | N15: -7 | O15: -3.1 | P15: 1.6 | Q15: 1.2 | R15: 2.6 | S15: 1.2 | T15: -2 | U15: -3 | V15: -2.1 | W15: -0.5 | X15: 0 | Y15: 0 | Z15: 0.7 | AA15: 0.9 | AB15: 4.9 | AC15: 3.9 | AD15: 2.4 | AE15: 3 | AF15: 3.2 | AG15: 9.6 | AH15: 10.9 | AI15: 7.4 | AJ15: 7.7 | AK15: 4.8 | AL15: 6.2 | AM15: 7.5 | AN15: 8 | AO15: 12.8 | AP15: 6.5 | AQ15: 3.5 | AR15: 3.2 | AS15: -2 | AT15: 4.1 | AU15: 8.9 | AV15: 11.7 | AW15: 15.6 | AX15: 16.2 | AY15: 13.6 | AZ15: 10.7 | BA15: 9.2 | BB15: 10.7 | BC15: 16.7 | BD15: 20.1 | BE15: 19 | BF15: 15.1 | BG15: 10.4 | BH15: 5.4 | BI15: 3.1 | BJ15: 4.2
B16: Kuyavian-Pomerania | D16: 4.3 | E16: 5.1 | F16: 1.2 | G16: 6.1 | H16: -3 | I16: -1.8 | J16: -2.6 | K16: -1.7 | L16: -2.2 | M16: -6.3 | N16: -3.8 | O16: -2 | P16: -1.4 | Q16: 2.5 | R16: 3.1 | S16: 2.1 | T16: 0.7 | U16: 3.1 | V16: 0.4 | W16: 0.5 | X16: 0.3 | Y16: 0.2 | Z16: 0.9 | AA16: 1.3 | AB16: 4.7 | AC16: 8.9 | AD16: 8.4 | AE16: 10.3 | AF16: 9 | AG16: 5.2 | AH16: 8.5 | AI16: 9.6 | AJ16: 9.2 | AK16: 9.1 | AL16: 9.6 | AM16: 10.7 | AN16: 11.7 | AO16: 12.7 | AP16: 10.5 | AQ16: 9.7 | AR16: 9.1 | AS16: 7.6 | AT16: 8 | AU16: 7.7 | AV16: 7.9 | AW16: 7.9 | AX16: 9.3 | AY16: 3.3 | AZ16: 5.8 | BA16: 5.1 | BB16: 5.1 | BC16: 14.7 | BD16: 11.1 | BE16: 13.7 | BF16: 15.1 | BG16: 8.6 | BH16: 7.7 | BI16: 5.2 | BJ16: 3.7
B17: Warmian-Masuria | D17: 0.7 | E17: 4.5 | F17: -4.5 | G17: -1.7 | H17: -5.4 | I17: -7.1 | J17: -4.8 | K17: -3 | L17: -5.6 | M17: -2.4 | N17: -1.2 | O17: -3.9 | P17: 3 | Q17: 0.9 | R17: 3 | S17: 2.9 | T17: 3.5 | U17: -0.7 | V17: -0.9 | W17: -1 | X17: -2 | Y17: 1.3 | Z17: 0.2 | AA17: 3 | AB17: 3.5 | AC17: 4.7 | AD17: 6.2 | AE17: 4.7 | AF17: 4 | AG17: 6.5 | AH17: 7.9 | AI17: 8 | AJ17: 7.2 | AK17: 5.5 | AL17: 6.1 | AM17: 7.2 | AN17: 10.6 | AO17: 10.5 | AP17: 8.7 | AQ17: 7.4 | AR17: 9.5 | AS17: 8 | AT17: 10.7 | AU17: 15.2 | AV17: 11.6 | AW17: 13.2 | AX17: 9.2 | AY17: 4 | AZ17: 1.5 | BA17: 5.4 | BB17: 11 | BC17: 16.9 | BD17: 22.8 | BE17: 16.1 | BF17: 9.9 | BG17: 5.5 | BH17: 2.6 | BI17: 2.2 | BJ17: 4.3
B18: Pomerania | D18: -5.7 | E18: 0.8 | F18: -2.5 | G18: -6.1 | H18: 3.7 | I18: -1.3 | J18: 3.5 | K18: 0.3 | L18: -7.7 | M18: -5.5 | N18: -5.9 | O18: -5.4 | P18: -1.9 | Q18: -1.5 | R18: -0.8 | S18: 1.5 | T18: 3.2 | U18: 2.9 | V18: 4.5 | W18: 1.9 | X18: 1.2 | Y18: 2.5 | Z18: 3.1 | AA18: 8.4 | AB18: 7 | AC18: 9.7 | AD18: 8.1 | AE18: 7.2 | AF18: 13.2 | AG18: 10 | AH18: 7.1 | AI18: 7.1 | AJ18: 6.5 | AK18: 6 | AL18: 9.4 | AM18: 10.3 | AN18: 8.8 | AO18: 8 | AP18: 9.4 | AQ18: 6.2 | AR18: 7.4 | AS18: 9.7 | AT18: 8.1 | AU18: 12.8 | AV18: 13.8 | AW18: 11.9 | AX18: 10.2 | AY18: 5.8 | AZ18: 2.9 | BA18: 4.8 | BB18: 8.9 | BC18: 10.8 | BD18: 12.8 | BE18: 12.8 | BF18: 10.5 | BG18: 10.3 | BH18: 8 | BI18: 5.6 | BJ18: 5.2
B19: Lodzkie | D19: 5.4 | E19: 3.9 | F19: 1.1 | G19: -0.7 | H19: -1.7 | I19: -4.1 | J19: -2.5 | K19: -2.2 | L19: -1.4 | M19: -3.6 | N19: -4.1 | O19: -6 | P19: -6.7 | Q19: -2.1 | R19: -0.6 | S19: 1.2 | T19: 0.8 | U19: 3.4 | V19: -0.8 | W19: 2.5 | X19: 2.8 | Y19: 2.8 | Z19: 6.6 | AA19: 3.7 | AB19: 5.6 | AC19: 1.4 | AD19: 5.3 | AE19: 7.1 | AF19: 5 | AG19: 10.1 | AH19: 9.9 | AI19: 10.9 | AJ19: 13.7 | AK19: 9.6 | AL19: 8.6 | AM19: 10 | AN19: 11.4 | AO19: 12.5 | AP19: 10.5 | AQ19: 8 | AR19: 7.7 | AS19: 9.3 | AT19: 11.2 | AU19: 12.4 | AV19: 11.2 | AW19: 10.7 | AX19: 10.3 | AY19: 7.2 | AZ19: 7.9 | BA19: 6.5 | BB19: 7.5 | BC19: 12.3 | BD19: 16.6 | BE19: 16.2 | BF19: 13.2 | BG19: 9.9 | BH19: 4.3 | BI19: 4.6 | BJ19: 3.3
B20: Swietokrzyskie | D20: 4.4 | E20: -2.9 | F20: -3.9 | G20: 3.2 | H20: 1.5 | I20: 1.5 | J20: 1.1 | K20: -3.4 | L20: 1.5 | M20: 1.5 | N20: -3.7 | O20: -2.1 | P20: -3.1 | Q20: -1.1 | R20: 2.4 | S20: 7.2 | T20: -1.1 | U20: -2.7 | V20: -3.3 | W20: -5.2 | X20: -0.3 | Y20: 0.6 | Z20: 8 | AA20: -1.9 | AB20: -1.2 | AC20: 4.8 | AD20: -0.7 | AE20: 4.5 | AF20: 4.8 | AG20: 5 | AH20: 6.2 | AI20: 7 | AJ20: 8.6 | AK20: 7.9 | AL20: 9.4 | AM20: 12.4 | AN20: 12.5 | AO20: 14.6 | AP20: 8.3 | AQ20: 8.2 | AR20: 7.4 | AS20: 6.3 | AT20: 11.7 | AU20: 11.2 | AV20: 12.7 | AW20: 13.5 | AX20: 12.4 | AY20: 11.6 | AZ20: 8.6 | BA20: 5.6 | BB20: 5.8 | BC20: 9.4 | BD20: 15.3 | BE20: 14.8 | BF20: 16 | BG20: 12.2 | BH20: 6.6 | BI20: 5 | BJ20: 3.3
... B24: Mazowiecki region | D24: -0.1 | E24: -1.5 | F24: -1.1 | G24: -1.8 | H24: -4.3 | I24: -5.7 | J24: -5.7 | K24: -6.1 | L24: -6.6 | M24: -8.2 | N24: -5.9 | O24: -4.6 | P24: -1 | Q24: 2 | R24: 0.7 | S24: 1.6 | T24: 1.8 | U24: 3.9 | V24: 4.4 | W24: 0.6 | X24: 0.5 | Y24: -0.3 | Z24: 1.3 | AA24: 3.5 | AB24: 2.7 | AC24: 1.8 | AD24: 1.7 | AE24: 2.9 | AF24: 5.8 | AG24: 6.4 | AH24: 6.4 | AI24: 6.5 | AJ24: 6 | AK24: 5.9 | AL24: 8.8 | AM24: 10.7 | AN24: 13.8 | AO24: 12.4 | AP24: 11.9 | AQ24: 8.4 | AR24: 5 | AS24: 8.2 | AT24: 7.2 | AU24: 12.8 | AV24: 14.2 | AW24: 11.9 | AX24: 13.7 | AY24: 10.8 | AZ24: 4.3 | BA24: 8.1 | BB24: 7.6 | BC24: 10.6 | BD24: 20 | BE24: 18.4 | BF24: 15 | BG24: 10.1 | BH24: 6.5 | BI24: 3.9 | BJ24: 3.5
B26: © Terms & conditions | BK26: National and regional house price indices

Sheet UK
B1: National and regional house price indices
B2: Reference area type: Large regions
B3: Frequency of observation: Quarterly
B4: Measure: House price index
B6: Time period | C6: Time period | D6: 1982-Q1 | E6: 1982-Q2 | F6: 1982-Q3 | G6: 1982-Q4 | H6: 1983-Q1 | I6: 1983-Q2 | J6: 1983-Q3 | K6: 1983-Q4 | L6: 1984-Q1 | M6: 1984-Q2 | N6: 1984-Q3 | O6: 1984-Q4 | P6: 1985-Q1 | Q6: 1985-Q2 | R6: 1985-Q3 | S6: 1985-Q4 | T6: 1986-Q1 | U6: 1986-Q2 | V6: 1986-Q3 | W6: 1986-Q4 | X6: 1987-Q1 | Y6: 1987-Q2 | Z6: 1987-Q3 | AA6: 1987-Q4 | AB6: 1988-Q1 | AC6: 1988-Q2 | AD6: 1988-Q3 | AE6: 1988-Q4 | AF6: 1989-Q1 | AG6: 1989-Q2 | AH6: 1989-Q3 | AI6: 1989-Q4 | AJ6: 1990-Q1 | AK6: 1990-Q2 | AL6: 1990-Q3 | AM6: 1990-Q4 | AN6: 1991-Q1 | AO6: 1991-Q2 | AP6: 1991-Q3 | AQ6: 1991-Q4 | AR6: 1992-Q1 | AS6: 1992-Q2 | AT6: 1992-Q3 | AU6: 1992-Q4 | AV6: 1993-Q1 | AW6: 1993-Q2 | AX6: 1993-Q3 | AY6: 1993-Q4 | AZ6: 1994-Q1 | BA6: 1994-Q2 | BB6: 1994-Q3 | BC6: 1994-Q4 | BD6: 1995-Q1 | BE6: 1995-Q2 | BF6: 1995-Q3 | BG6: 1995-Q4 | BH6: 1996-Q1 | BI6: 1996-Q2 | BJ6: 1996-Q3 | BK6: 1996-Q4 | BL6: 1997-Q1 | BM6: 1997-Q2 | BN6: 1997-Q3 | BO6: 1997-Q4 | BP6: 1998-Q1 | BQ6: 1998-Q2 | BR6: 1998-Q3 | BS6: 1998-Q4 | BT6: 1999-Q1 | BU6: 1999-Q2 | BV6: 1999-Q3 | BW6: 1999-Q4 | BX6: 2000-Q1 | BY6: 2000-Q2 | BZ6: 2000-Q3 | CA6: 2000-Q4 | CB6: 2001-Q1 | CC6: 2001-Q2 | CD6: 2001-Q3 | CE6: 2001-Q4 | CF6: 2002-Q1 | CG6: 2002-Q2 | CH6: 2002-Q3 | CI6: 2002-Q4 | CJ6: 2003-Q1 | CK6: 2003-Q2 | CL6: 2003-Q3 | CM6: 2003-Q4 | CN6: 2004-Q1 | CO6: 2004-Q2 | CP6: 2004-Q3 | CQ6: 2004-Q4 | CR6: 2005-Q1 | CS6: 2005-Q2 | CT6: 2005-Q3 | CU6: 2005-Q4 | CV6: 2006-Q1 | CW6: 2006-Q2 | CX6: 2006-Q3 | CY6: 2006-Q4 | CZ6: 2007-Q1 | DA6: 2007-Q2 | DB6: 2007-Q3 | DC6: 2007-Q4 | DD6: 2008-Q1 | DE6: 2008-Q2 | DF6: 2008-Q3 | DG6: 2008-Q4 | DH6: 2009-Q1 | DI6: 2009-Q2 | DJ6: 2009-Q3 | DK6: 2009-Q4 | DL6: 2010-Q1 | DM6: 2010-Q2 | DN6: 2010-Q3 | DO6: 2010-Q4 | DP6: 2011-Q1 | DQ6: 2011-Q2 | DR6: 2011-Q3 | DS6: 2011-Q4 | DT6: 2012-Q1 | DU6: 2012-Q2 | DV6: 2012-Q3 | DW6: 2012-Q4 | DX6: 2013-Q1 | DY6: 2013-Q2 | DZ6: 2013-Q3 | EA6: 2013-Q4 | EB6: 2014-Q1 | EC6: 2014-Q2 | ED6: 2014-Q3 | EE6: 2014-Q4 | EF6: 2015-Q1 | EG6: 2015-Q2 | EH6: 2015-Q3 | EI6: 2015-Q4 | EJ6: 2016-Q1 | EK6: 2016-Q2 | EL6: 2016-Q3 | EM6: 2016-Q4 | EN6: 2017-Q1 | EO6: 2017-Q2 | EP6: 2017-Q3 | EQ6: 2017-Q4 | ER6: 2018-Q1 | ES6: 2018-Q2 | ET6: 2018-Q3 | EU6: 2018-Q4 | EV6: 2019-Q1 | EW6: 2019-Q2 | EX6: 2019-Q3 | EY6: 2019-Q4 | EZ6: 2020-Q1 | FA6: 2020-Q2 | FB6: 2020-Q3 | FC6: 2020-Q4 | FD6: 2021-Q1 | FE6: 2021-Q2 | FF6: 2021-Q3 | FG6: 2021-Q4 | FH6: 2022-Q1 | FI6: 2022-Q2 | FJ6: 2022-Q3 | FK6: 2022-Q4 | FL6: 2023-Q1 | FM6: 2023-Q2 | FN6: 2023-Q3 | FO6: 2023-Q4 | FP6: 2024-Q1 | FQ6: 2024-Q2 | FR6: 2024-Q3 | FS6: 2024-Q4 | FT6: 2025-Q1 | FU6: 2025-Q2 | FV6: 2025-Q3
B7: Reference area
B8: Combined unit of measure: Percent per annum, Growth rate, over 1 year
B9: North East England | AW9: 0.752 | AX9: 8.73 | AY9: 0 | AZ9: 4.651 | BA9: 0 | BB9: 1.825 | BC9: 4.494 | BD9: -1.605 | BE9: -0.498 | BF9: -4.659 | BG9: -5.735 | BH9: -3.011 | BI9: 0 | BJ9: 1.629 | BK9: 1.648 | BL9: 3.622 | BM9: 4.125 | BN9: 3.822 | BO9: 3.491 | BP9: 3.87 | BQ9: 2.521 | BR9: 3.444 | BS9: 3.614 | BT9: 1.683 | BU9: 2.81 | BV9: 3.1 | BW9: 6.395 | BX9: 6.856 | BY9: 5.809 | BZ9: 5.122 | CA9: 2.186 | CB9: 3.097 | CC9: 5.705 | CD9: 8.051 | CE9: 10.695 | CF9: 11.91 | CG9: 14.46 | CH9: 18.529 | CI9: 23.671 | CJ9: 25.024 | CK9: 29.093 | CL9: 30.687 | CM9: 30.156 | CN9: 31.135 | CO9: 33.218 | CP9: 31.962 | CQ9: 26.23 | CR9: 22.69 | CS9: 13.968 | CT9: 10.024 | CU9: 9.748 | CV9: 10.057 | CW9: 8.806 | CX9: 7.149 | CY9: 7.799 | CZ9: 7.536 | DA9: 6.884 | DB9: 6.265 | DC9: 4.703 | DD9: 2.094 | DE9: 0.039 | DF9: -6.164 | DG9: -11.209 | DH9: -12.663 | DI9: -12.212 | DJ9: -5.957 | DK9: 0.994 | DL9: 3.388 | DM9: 3.156 | DN9: 1.215 | DO9: -2.055 | DP9: -4.15 | DQ9: -2.93 | DR9: -5.401 | DS9: -4.458 | DT9: -1.778 | DU9: -2.796 | DV9: 0.906 | DW9: 0.046 | DX9: -0.789 | DY9: -0.639 | DZ9: 0.808 | EA9: -0.869 | EB9: 1.403 | EC9: 3.217 | ED9: 1.381 | EE9: 3.044 | EF9: 2.26 | EG9: 1.915 | EH9: 1.933 | EI9: 3.357 | EJ9: 3.338 | EK9: 2.49 | EL9: 2.371 | EM9: 2.036 | EN9: 0.742 | EO9: 1.662 | EP9: 1.768 | EQ9: 2.759 | ER9: 1.82 | ES9: 1.3 | ET9: 1.696 | EU9: 0.62 | EV9: 0 | EW9: 0.497 | EX9: 0.407 | EY9: -0.082 | EZ9: 2.17 | FA9: -1.606 | FB9: 0.932 | FC9: 5.957 | FD9: 11.162 | FE9: 14.567 | FF9: 11.321 | FG9: 6.824 | FH9: 5.508 | FI9: 6.028 | FJ9: 9.088 | FK9: 10.49 | FL9: 4.439 | FM9: 1.367 | FN9: -0.033 | FO9: -1.314 | FP9: 0.068 | FQ9: 0.951 | FR9: 1.157 | FS9: 3.862 | FT9: 8.291 | FU9: 4.881 | FV9: 5.688
B10: North West England | BH10: -2.568 | BI10: -1.12 | BJ10: 0.801 | BK10: 2.946 | BL10: 3.954 | BM10: 4.531 | BN10: 4.928 | BO10: 4.452 | BP10: 3.328 | BQ10: 4.954 | BR10: 3.485 | BS10: 3.653 | BT10: 3.374 | BU10: 3.982 | BV10: 6.149 | BW10: 7.342 | BX10: 8.012 | BY10: 7.376 | BZ10: 6.759 | CA10: 7.387 | CB10: 7.967 | CC10: 8.587 | CD10: 10.853 | CE10: 11.083 | CF10: 12.087 | CG10: 14.842 | CH10: 17.599 | CI10: 20.413 | CJ10: 22.474 | CK10: 23.623 | CL10: 24.381 | CM10: 26.19 | CN10: 27.155 | CO10: 30.763 | CP10: 31.713 | CQ10: 27.472 | CR10: 22.741 | CS10: 16.252 | CT10: 11.071 | CU10: 9.532 | CV10: 9.917 | CW10: 9.019 | CX10: 8.061 | CY10: 8.811 | CZ10: 9.562 | DA10: 8.17 | DB10: 7.56 | DC10: 6.359 | DD10: 2.268 | DE10: -0.908 | DF10: -6.373 | DG10: -11.77 | DH10: -13.886 | DI10: -12.542 | DJ10: -6.857 | DK10: 0.476 | DL10: 4.311 | DM10: 4.799 | DN10: 2.311 | DO10: -1.791 | DP10: -2.201 | DQ10: -4.105 | DR10: -2.941 | DS10: -2.682 | DT10: -1.482 | DU10: -0.329 | DV10: -0.812 | DW10: -0.386 | DX10: -0.613 | DY10: -0.055 | DZ10: 0.927 | EA10: 1.826 | EB10: 3.307 | EC10: 4.738 | ED10: 5.135 | EE10: 5.217 | EF10: 4.395 | EG10: 3.156 | EH10: 3.393 | EI10: 4.081 | EJ10: 4.678 | EK10: 6.323 | EL10: 5.569 | EM10: 4.665 | EN10: 5.263 | EO10: 4.029 | EP10: 4.946 | EQ10: 5.832 | ER10: 4.151 | ES10: 3.55 | ET10: 3.276 | EU10: 3.405 | EV10: 3.306 | EW10: 2.805 | EX10: 2.564 | EY10: 1.646 | EZ10: 2.411 | FA10: 1.386 | FB10: 3.602 | FC10: 8.056 | FD10: 12.628 | FE10: 15.25 | FF10: 11.329 | FG10: 8.915 | FH10: 8.096 | FI10: 8.525 | FJ10: 12.16 | FK10: 11.083 | FL10: 4.747 | FM10: 1.773 | FN10: -0.459 | FO10: -0.848 | FP10: 0.504 | FQ10: 2.483 | FR10: 3.126 | FS10: 3.913 | FT10: 7.682 | FU10: 2.816 | FV10: 4.212
B11: Yorkshire and The Humber | D11: 0 | E11: -1.19 | F11: -1.163 | G11: 3.571 | H11: 9.877 | I11: 12.048 | J11: 14.118 | K11: 11.494 | L11: 8.989 | M11: 5.376 | N11: 7.216 | O11: 4.124 | P11: 7.216 | Q11: 8.163 | R11: 1.923 | S11: 10.891 | T11: 4.808 | U11: 8.491 | V11: 9.434 | W11: 8.036 | X11: 10.092 | Y11: 6.957 | Z11: 11.207 | AA11: 6.612 | AB11: 11.667 | AC11: 10.569 | AD11: 18.605 | AE11: 37.984 | AF11: 38.806 | AG11: 50 | AH11: 44.444 | AI11: 23.034 | AJ11: 18.817 | AK11: 9.314 | AL11: 3.62 | AM11: 3.653 | AN11: 1.357 | AO11: 6.278 | AP11: 3.93 | AQ11: 3.524 | AR11: 3.571 | AS11: -0.422 | AT11: 0 | AU11: -9.787 | AV11: 3.017 | AW11: -3.814 | AX11: 1.261 | AY11: 8.491 | AZ11: -0.418 | BA11: 0.881 | BB11: -4.979 | BC11: 0 | BD11: -7.423 | BE11: -2.911 | BF11: -3.057 | BG11: -5.362 | BH11: -2.572 | BI11: -0.75 | BJ11: 0.601 | BK11: 1.991 | BL11: 3.106 | BM11: 3.625 | BN11: 3.731 | BO11: 3.003 | BP11: 3.765 | BQ11: 2.478 | BR11: 2.734 | BS11: 2.478 | BT11: 2.177 | BU11: 3.272 | BV11: 3.641 | BW11: 6.259 | BX11: 5.824 | BY11: 7.576 | BZ11: 8.243 | CA11: 7.363 | CB11: 7.919 | CC11: 7.682 | CD11: 9.488 | CE11: 10.848 | CF11: 13.557 | CG11: 17.122 | CH11: 20.639 | CI11: 25.984 | CJ11: 27.711 | CK11: 27.31 | CL11: 26.654 | CM11: 25.357 | CN11: 24.357 | CO11: 28.788 | CP11: 28.507 | CQ11: 25.071 | CR11: 22.276 | CS11: 13.622 | CT11: 10.163 | CU11: 8.998 | CV11: 8.742 | CW11: 8.828 | CX11: 8.329 | CY11: 9.091 | CZ11: 8.714 | DA11: 9.064 | DB11: 7.299 | DC11: 5.939 | DD11: 2.91 | DE11: -1.423 | DF11: -5.85 | DG11: -11.89 | DH11: -14.557 | DI11: -12.669 | DJ11: -6.214 | DK11: 1.642 | DL11: 6.131 | DM11: 5.973 | DN11: 3.287 | DO11: -1.464 | DP11: -2.658 | DQ11: -2.667 | DR11: -3.531 | DS11: -2.152 | DT11: -1.103 | DU11: -1.293 | DV11: -0.412 | DW11: 0.105 | DX11: -0.531 | DY11: 0.052 | DZ11: 0.828 | EA11: 1.726 | EB11: 4.058 | EC11: 5.026 | ED11: 4.774 | EE11: 5.09 | EF11: 3.592 | EG11: 3.34 | EH11: 4.606 | EI11: 4.501 | EJ11: 5.448 | EK11: 5.933 | EL11: 4.262 | EM11: 4.448 | EN11: 3.617 | EO11: 3.689 | EP11: 4.268 | EQ11: 4.034 | ER11: 4.261 | ES11: 2.986 | ET11: 3.361 | EU11: 2.671 | EV11: 2.609 | EW11: 2.175 | EX11: 1.542 | EY11: 2.392 | EZ11: 2.839 | FA11: 1.085 | FB11: 3.161 | FC11: 7.049 | FD11: 10.589 | FE11: 13.047 | FF11: 9.59 | FG11: 6.585 | FH11: 6.744 | FI11: 7.67 | FJ11: 11.147 | FK11: 11.171 | FL11: 3.909 | FM11: 1.406 | FN11: 0.098 | FO11: -1.874 | FP11: 0.873 | FQ11: 1.906 | FR11: 1.991 | FS11: 3.787 | FT11: 6.693 | FU11: 2.888 | FV11: 3.616
B12: East Midlands | D12: 5.714 | E12: 4.11 | F12: 2.667 | G12: 0 | H12: 8.108 | I12: 7.895 | J12: 9.091 | K12: 16.438 | L12: 10 | M12: 10.976 | N12: 9.524 | O12: 8.235 | P12: 7.955 | Q12: 2.198 | R12: 8.696 | S12: 10.87 | T12: 6.316 | U12: 17.204 | V12: 8 | W12: 10.784 | X12: 15.842 | Y12: 11.009 | Z12: 12.963 | AA12: 13.274 | AB12: 15.385 | AC12: 24.793 | AD12: 36.066 | AE12: 41.406 | AF12: 39.259 | AG12: 34.437 | AH12: 26.506 | AI12: 14.365 | AJ12: 5.319 | AK12: 2.463 | AL12: -4.286 | AM12: -2.415 | AN12: -4.545 | AO12: -6.731 | AP12: 2.985 | AQ12: -0.495 | AR12: 3.704 | AS12: 0.515 | AT12: -6.763 | AU12: -8.955 | AV12: -5.102 | AW12: -4.103 | AX12: -2.591 | AY12: 1.639 | AZ12: 2.151 | BA12: 1.604 | BB12: 3.191 | BC12: 2.688 | BD12: -1.754 | BE12: -1.053 | BF12: -3.265 | BG12: -2.967 | BH12: -1.786 | BI12: -0.177 | BJ12: 2.309 | BK12: 4.137 | BL12: 5.455 | BM12: 6.572 | BN12: 7.292 | BO12: 6.908 | BP12: 7.069 | BQ12: 7 | BR12: 5.663 | BS12: 4.847 | BT12: 4.831 | BU12: 5.607 | BV12: 7.044 | BW12: 9.861 | BX12: 10.599 | BY12: 11.357 | BZ12: 12.589 | CA12: 11.22 | CB12: 12.083 | CC12: 12.318 | CD12: 12.071 | CE12: 15.006 | CF12: 16.605 | CG12: 19.34 | CH12: 25.624 | CI12: 29.715 | CJ12: 32.2 | CK12: 31.324 | CL12: 25.903 | CM12: 21.809 | CN12: 18.73 | CO12: 18.585 | CP12: 19.355 | CQ12: 17.349 | CR12: 13.406 | CS12: 8.693 | CT12: 4.565 | CU12: 3.489 | CV12: 3.284 | CW12: 4.378 | CX12: 5.112 | CY12: 5.6 | CZ12: 7.803 | DA12: 6.32 | DB12: 6.557 | DC12: 4.654 | DD12: 0.536 | DE12: -1.789 | DF12: -7.744 | DG12: -13.237 | DH12: -14.56 | DI12: -13.819 | DJ12: -7.393 | DK12: 1.788 | DL12: 5.68 | DM12: 7.707 | DN12: 5.342 | DO12: 0.644 | DP12: -0.886 | DQ12: -2.597 | DR12: -2.222 | DS12: -1.396 | DT12: -0.119 | DU12: 0.948 | DV12: 0.175 | DW12: 0.885 | DX12: 1.014 | DY12: 1.232 | DZ12: 2.327 | EA12: 3.801 | EB12: 5.907 | EC12: 6.957 | ED12: 7.675 | EE12: 6.535 | EF12: 5.577 | EG12: 4.715 | EH12: 5.174 | EI12: 6.769 | EJ12: 6.92 | EK12: 7.35 | EL12: 6.325 | EM12: 5.597 | EN12: 5.781 | EO12: 5.931 | EP12: 6.232 | EQ12: 6.144 | ER12: 6.352 | ES12: 5.28 | ET12: 5.111 | EU12: 4.198 | EV12: 2.986 | EW12: 1.816 | EX12: 0.973 | EY12: 1.357 | EZ12: 1.962 | FA12: 2.208 | FB12: 3.308 | FC12: 6.36 | FD12: 8.825 | FE12: 9.722 | FF12: 8.472 | FG12: 8.183 | FH12: 8.417 | FI12: 9.845 | FJ12: 12.369 | FK12: 10.145 | FL12: 5.105 | FM12: 1.582 | FN12: -0.599 | FO12: -2.509 | FP12: -2.192 | FQ12: -0.882 | FR12: -0.1 | FS12: 2.337 | FT12: 5.345 | FU12: 3.355 | FV12: 3.952
B13: West Midlands | D13: -1.37 | E13: 1.351 | F13: 0 | G13: 7.042 | H13: 9.722 | I13: 6.667 | J13: 12 | K13: 7.895 | L13: 6.329 | M13: 6.25 | N13: 4.762 | O13: 7.317 | P13: 2.381 | Q13: 5.882 | R13: 5.682 | S13: 4.545 | T13: 9.302 | U13: 6.667 | V13: 9.677 | W13: 13.043 | X13: 8.511 | Y13: 15.625 | Z13: 14.706 | AA13: 15.385 | AB13: 24.51 | AC13: 27.928 | AD13: 45.299 | AE13: 52.5 | AF13: 50.394 | AG13: 36.62 | AH13: 20.588 | AI13: 10.383 | AJ13: 5.759 | AK13: 0.515 | AL13: 0 | AM13: 0.495 | AN13: -1.98 | AO13: 4.103 | AP13: 0 | AQ13: -1.478 | AR13: 2.02 | AS13: -1.478 | AT13: -5.854 | AU13: -5.5 | AV13: -5.446 | AW13: -7.5 | AX13: 2.073 | AY13: 4.233 | AZ13: 4.188 | BA13: 3.784 | BB13: -1.523 | BC13: -2.538 | BD13: -0.67 | BE13: 4.861 | BF13: 2.921 | BG13: 2.778 | BH13: -1.349 | BI13: -0.828 | BJ13: 2.504 | BK13: 4.73 | BL13: 6.496 | BM13: 7.513 | BN13: 7.98 | BO13: 6.774 | BP13: 6.902 | BQ13: 6.522 | BR13: 5.43 | BS13: 5.438 | BT13: 5.405 | BU13: 5.539 | BV13: 7.582 | BW13: 9.742 | BX13: 10.399 | BY13: 12.293 | BZ13: 11.569 | CA13: 10.966 | CB13: 11.742 | CC13: 11.931 | CD13: 12.277 | CE13: 13.294 | CF13: 13.972 | CG13: 16.813 | CH13: 21.55 | CI13: 26.376 | CJ13: 28.774 | CK13: 25.682 | CL13: 22.533 | CM13: 20.049 | CN13: 18.017 | CO13: 19.76 | CP13: 20.741 | CQ13: 17.659 | CR13: 13.667 | CS13: 9 | CT13: 5.431 | CU13: 4.188 | CV13: 5.161 | CW13: 5.734 | CX13: 5.095 | CY13: 6.142 | CZ13: 6.302 | DA13: 6.182 | DB13: 6.074 | DC13: 4.787 | DD13: 2.308 | DE13: -1.175 | DF13: -6.68 | DG13: -11.998 | DH13: -14.308 | DI13: -13.488 | DJ13: -6.189 | DK13: 1.369 | DL13: 6.104 | DM13: 8.065 | DN13: 4.762 | DO13: 1.182 | DP13: -1.466 | DQ13: -2.764 | DR13: -3.067 | DS13: -2.781 | DT13: -0.114 | DU13: -0.171 | DV13: 0.508 | DW13: 1.316 | DX13: 0.688 | DY13: 1.595 | DZ13: 2.192 | EA13: 3.331 | EB13: 4.61 | EC13: 5.774 | ED13: 5.941 | EE13: 5.574 | EF13: 4.788 | EG13: 4.293 | EH13: 4.777 | EI13: 5.331 | EJ13: 6.075 | EK13: 7.215 | EL13: 6.64 | EM13: 5.995 | EN13: 5.923 | EO13: 4.834 | EP13: 5.623 | EQ13: 5.981 | ER13: 5.73 | ES13: 4.882 | ET13: 4.663 | EU13: 4.418 | EV13: 3.409 | EW13: 2.241 | EX13: 1.261 | EY13: 0.88 | EZ13: 1.986 | FA13: 1.223 | FB13: 3.03 | FC13: 5.772 | FD13: 8.04 | FE13: 10.995 | FF13: 8.501 | FG13: 7.42 | FH13: 8.055 | FI13: 8.368 | FJ13: 11.808 | FK13: 10.746 | FL13: 5.538 | FM13: 1.968 | FN13: -0.199 | FO13: -1.98 | FP13: -1.48 | FQ13: 1.052 | FR13: 1.198 | FS13: 2.862 | FT13: 6.009 | FU13: 2.922 | FV13: 3.321
B14: East of England | AW14: -3.012 | AX14: -1.19 | AY14: -1.227 | AZ14: 2.516 | BA14: 1.863 | BB14: -0.602 | BC14: 3.106 | BD14: 0.613 | BE14: -0.203 | BF14: -0.202 | BG14: -3.012 | BH14: -2.236 | BI14: -0.407 | BJ14: 1.417 | BK14: 5.176 | BL14: 7.9 | BM14: 9.611 | BN14: 12.375 | BO14: 12.992 | BP14: 12.331 | BQ14: 12.687 | BR14: 10.302 | BS14: 8.362 | BT14: 7.547 | BU14: 7.616 | BV14: 9.984 | BW14: 14.952 | BX14: 17.863 | BY14: 21.538 | BZ14: 20.937 | CA14: 15.944 | CB14: 14.614 | CC14: 12.025 | CD14: 13.075 | CE14: 16.043 | CF14: 17.001 | CG14: 20.791 | CH14: 23.233 | CI14: 26.611 | CJ14: 27.75 | CK14: 21.796 | CL14: 16.507 | CM14: 11.823 | CN14: 10.427 | CO14: 11.982 | CP14: 13.05 | CQ14: 12.261 | CR14: 8.584 | CS14: 5.418 | CT14: 3.034 | CU14: 1.831 | CV14: 3.162 | CW14: 4.619 | CX14: 6.082 | CY14: 8.157 | CZ14: 8.94 | DA14: 9.391 | DB14: 9.415 | DC14: 8.314 | DD14: 5.041 | DE14: 0.284 | DF14: -6.784 | DG14: -14.2 | DH14: -16.462 | DI14: -14.626 | DJ14: -6.923 | DK14: 2.556 | DL14: 9.486 | DM14: 10.823 | DN14: 7.883 | DO14: 3.801 | DP14: 0.183 | DQ14: -1.138 | DR14: -1.591 | DS14: -0.06 | DT14: 1.035 | DU14: 2.121 | DV14: 2.156 | DW14: 1.982 | DX14: 2.049 | DY14: 1.78 | DZ14: 3.107 | EA14: 4.947 | EB14: 6.615 | EC14: 9.504 | ED14: 10.972 | EE14: 10.943 | EF14: 10.582 | EG14: 8.786 | EH14: 9.119 | EI14: 10.673 | EJ14: 12.074 | EK14: 12.482 | EL14: 11.127 | EM14: 9.095 | EN14: 7.465 | EO14: 6.789 | EP14: 5.957 | EQ14: 5.195 | ER14: 4.326 | ES14: 2.404 | ET14: 1.994 | EU14: 1.474 | EV14: 0.199 | EW14: -0.04 | EX14: -0.782 | EY14: -0.785 | EZ14: 0.08 | FA14: 0.876 | FB14: 1.655 | FC14: 3.718 | FD14: 4.93 | FE14: 5.485 | FF14: 5.388 | FG14: 6.522 | FH14: 8.336 | FI14: 9.428 | FJ14: 11.144 | FK14: 8.45 | FL14: 4.442 | FM14: -0.249 | FN14: -2.151 | FO14: -4.325 | FP14: -3.985 | FQ14: -1.645 | FR14: -1.048 | FS14: 1.277 | FT14: 3.383 | FU14: 2.648 | FV14: 2.768
B15: Greater London | D15: -2.128 | E15: 0 | F15: 2.041 | G15: 4 | H15: 15.217 | I15: 8 | J15: 14 | K15: 11.538 | L15: 11.321 | M15: 20.37 | N15: 15.789 | O15: 17.241 | P15: 13.559 | Q15: 12.308 | R15: 12.121 | S15: 16.176 | T15: 20.896 | U15: 20.548 | V15: 24.324 | W15: 24.051 | X15: 24.691 | Y15: 21.591 | Z15: 23.913 | AA15: 25.51 | AB15: 24.752 | AC15: 24.299 | AD15: 25.439 | AE15: 24.39 | AF15: 15.873 | AG15: 15.789 | AH15: 5.594 | AI15: -3.922 | AJ15: 2.74 | AK15: -5.844 | AL15: 0.662 | AM15: -3.401 | AN15: -4 | AO15: -2.759 | AP15: -6.579 | AQ15: -2.817 | AR15: -4.167 | AS15: -9.929 | AT15: -11.268 | AU15: -12.319 | AV15: -7.971 | AW15: 1.575 | AX15: 1.587 | AY15: 4.132 | AZ15: 0 | BA15: 6.202 | BB15: 7.031 | BC15: 5.556 | BD15: 8.924 | BE15: 2.92 | BF15: 3.406 | BG15: 5.013 | BH15: 2.651 | BI15: 3.073 | BJ15: 4.941 | BK15: 7.876 | BL15: 10.798 | BM15: 13.303 | BN15: 17.265 | BO15: 18.584 | BP15: 16.949 | BQ15: 15.992 | BR15: 12.237 | BS15: 9.701 | BT15: 7.971 | BU15: 9.599 | BV15: 14.651 | BW15: 20.238 | BX15: 25.168 | BY15: 26.911 | BZ15: 22.734 | CA15: 16.973 | CB15: 13.137 | CC15: 10.414 | CD15: 11.38 | CE15: 13.664 | CF15: 14.1 | CG15: 16.591 | CH15: 18.913 | CI15: 20.745 | CJ15: 20.561 | CK15: 14.717 | CL15: 9.598 | CM15: 6.872 | CN15: 6.546 | CO15: 8.921 | CP15: 9.925 | CQ15: 7.832 | CR15: 5.416 | CS15: 3.354 | CT15: 1.366 | CU15: 1.682 | CV15: 3.604 | CW15: 5.283 | CX15: 7.784 | CY15: 10.301 | CZ15: 12.731 | DA15: 13.907 | DB15: 16.181 | DC15: 14.315 | DD15: 9.389 | DE15: 3.839 | DF15: -4.961 | DG15: -12.821 | DH15: -15.486 | DI15: -14.848 | DJ15: -6.918 | DK15: 3.352 | DL15: 11.79 | DM15: 13.238 | DN15: 10.676 | DO15: 5.956 | DP15: 2.478 | DQ15: 1.886 | DR15: 1.465 | DS15: 2.561 | DT15: 1.984 | DU15: 5.244 | DV15: 4.573 | DW15: 6.516 | DX15: 6.869 | DY15: 6.389 | DZ15: 8.918 | EA15: 11.092 | EB15: 14.676 | EC15: 18.347 | ED15: 19.599 | EE15: 16.418 | EF15: 12.748 | EG15: 8.799 | EH15: 8.304 | EI15: 10.743 | EJ15: 13.814 | EK15: 12.11 | EL15: 8.564 | EM15: 5.868 | EN15: 3.518 | EO15: 3.13 | EP15: 2.78 | EQ15: 1.433 | ER15: 0.149 | ES15: -0.37 | ET15: -1.243 | EU15: -0.483 | EV15: -2.088 | EW15: -2.229 | EX15: -0.851 | EY15: -0.486 | EZ15: 2.361 | FA15: 1.824 | FB15: 2.65 | FC15: 3.829 | FD15: 3.534 | FE15: 3.582 | FF15: 3.018 | FG15: 3.543 | FH15: 3.989 | FI15: 6.124 | FJ15: 7.342 | FK15: 5.307 | FL15: 2.315 | FM15: -0.77 | FN15: -2.894 | FO15: -4.045 | FP15: -2.702 | FQ15: -0.548 | FR15: 0.339 | FS15: 1.486 | FT15: 2.256 | FU15: 1.893 | FV15: -0.472
B16: South East England | AW16: -3.614 | AX16: -4.142 | AY16: -0.625 | AZ16: 5.161 | BA16: 2.5 | BB16: 3.086 | BC16: 6.289 | BD16: 2.045 | BE16: 2.846 | BF16: 0.798 | BG16: -1.183 | BH16: -0.2 | BI16: 0.791 | BJ16: 3.762 | BK16: 5.788 | BL16: 9.237 | BM16: 11.961 | BN16: 14.695 | BO16: 16.981 | BP16: 15.257 | BQ16: 14.711 | BR16: 12.146 | BS16: 9.355 | BT16: 8.931 | BU16: 8.244 | BV16: 11.869 | BW16: 16.814 | BX16: 20.498 | BY16: 24.824 | BZ16: 21.883 | CA16: 16.54 | CB16: 13.244 | CC16: 10.621 | CD16: 11.425 | CE16: 14.301 | CF16: 15.129 | CG16: 16.037 | CH16: 19.434 | CI16: 21.801 | CJ16: 23.299 | CK16: 19.366 | CL16: 12.919 | CM16: 9.261 | CN16: 8.012 | CO16: 8.997 | CP16: 11.151 | CQ16: 10.043 | CR16: 7.068 | CS16: 4.871 | CT16: 2.02 | CU16: 1.036 | CV16: 2.941 | CW16: 4.516 | CX16: 6.13 | CY16: 8.328 | CZ16: 9.206 | DA16: 10.247 | DB16: 11.011 | DC16: 9.817 | DD16: 5.64 | DE16: 0.728 | DF16: -6.558 | DG16: -14.27 | DH16: -17.391 | DI16: -14.897 | DJ16: -6.787 | DK16: 3.518 | DL16: 12.858 | DM16: 12.149 | DN16: 8.899 | DO16: 4.005 | DP16: -0.354 | DQ16: -0.699 | DR16: -1.429 | DS16: -0.35 | DT16: 0.889 | DU16: 2.287 | DV16: 2.899 | DW16: 2.752 | DX16: 2.877 | DY16: 2.351 | DZ16: 2.93 | EA16: 5.299 | EB16: 7.591 | EC16: 9.468 | ED16: 11.275 | EE16: 11.201 | EF16: 9.549 | EG16: 8.393 | EH16: 8.313 | EI16: 9.538 | EJ16: 11.913 | EK16: 10.954 | EL16: 9.355 | EM16: 6.753 | EN16: 4.976 | EO16: 4.723 | EP16: 4.319 | EQ16: 4.12 | ER16: 3.05 | ES16: 2.194 | ET16: 1.592 | EU16: 0.6 | EV16: -0.28 | EW16: -0.994 | EX16: -1.332 | EY16: -0.318 | EZ16: 0.401 | FA16: 1.044 | FB16: 1.867 | FC16: 4.305 | FD16: 4.874 | FE16: 6.041 | FF16: 5.809 | FG16: 6.114 | FH16: 8.648 | FI16: 8.996 | FJ16: 11.127 | FK16: 8.678 | FL16: 4.137 | FM16: 0.734 | FN16: -2.288 | FO16: -4.208 | FP16: -4.108 | FQ16: -1.809 | FR16: -0.271 | FS16: 1.591 | FT16: 4.213 | FU16: 2.295 | FV16: 1.429
B17: South West England | D17: 3.03 | E17: 2.899 | F17: 0 | G17: 10.448 | H17: 8.824 | I17: 9.859 | J17: 12.676 | K17: 10.811 | L17: 8.108 | M17: 7.692 | N17: 7.5 | O17: 7.317 | P17: 7.5 | Q17: 9.524 | R17: 9.302 | S17: 11.364 | T17: 16.279 | U17: 14.13 | V17: 15.957 | W17: 14.286 | X17: 17 | Y17: 16.19 | Z17: 16.514 | AA17: 21.429 | AB17: 22.222 | AC17: 25.41 | AD17: 47.244 | AE17: 51.471 | AF17: 36.364 | AG17: 31.373 | AH17: 14.439 | AI17: -0.971 | AJ17: -5.128 | AK17: -7.96 | AL17: -13.551 | AM17: -10.784 | AN17: -5.405 | AO17: -5.405 | AP17: -0.541 | AQ17: -2.198 | AR17: 0 | AS17: -4 | AT17: -7.609 | AU17: -10.112 | AV17: -10.286 | AW17: -5.952 | AX17: -4.118 | AY17: 2.5 | AZ17: 2.548 | BA17: 5.696 | BB17: 2.454 | BC17: 3.659 | BD17: 5.176 | BE17: 2.196 | BF17: 1.397 | BG17: -1.373 | BH17: -1.575 | BI17: 0.391 | BJ17: 3.74 | BK17: 6.163 | BL17: 8.8 | BM17: 9.339 | BN17: 10.816 | BO17: 11.423 | BP17: 10.846 | BQ17: 11.032 | BR17: 10.103 | BS17: 7.731 | BT17: 8.624 | BU17: 8.814 | BV17: 11.198 | BW17: 17.005 | BX17: 18.321 | BY17: 21.502 | BZ17: 20.559 | CA17: 15.333 | CB17: 12.774 | CC17: 12.121 | CD17: 13.225 | CE17: 16.069 | CF17: 18.535 | CG17: 20.324 | CH17: 24.385 | CI17: 27.988 | CJ17: 28.378 | CK17: 23.81 | CL17: 17.216 | CM17: 13.23 | CN17: 12.256 | CO17: 14.659 | CP17: 16.374 | CQ17: 14.708 | CR17: 10.516 | CS17: 5.506 | CT17: 2.234 | CU17: 1.678 | CV17: 3.212 | CW17: 5.159 | CX17: 6.675 | CY17: 8.898 | CZ17: 9.689 | DA17: 9.755 | DB17: 9.635 | DC17: 6.872 | DD17: 2.57 | DE17: -1.663 | DF17: -8.03 | DG17: -14.43 | DH17: -15.501 | DI17: -13.584 | DJ17: -6.315 | DK17: 3.077 | DL17: 9.203 | DM17: 10.092 | DN17: 7.386 | DO17: 3.157 | DP17: -0.339 | DQ17: -1.944 | DR17: -2.402 | DS17: -1.614 | DT17: 0.568 | DU17: 1.36 | DV17: 0.783 | DW17: 0.905 | DX17: 0.395 | DY17: 1.118 | DZ17: 2.164 | EA17: 3.868 | EB17: 4.89 | EC17: 5.749 | ED17: 7.55 | EE17: 6.908 | EF17: 6.27 | EG17: 5.698 | EH17: 5.303 | EI17: 6.764 | EJ17: 8.22 | EK17: 6.973 | EL17: 6.235 | EM17: 4.681 | EN17: 4.24 | EO17: 5.086 | EP17: 5.553 | EQ17: 5.736 | ER17: 5.275 | ES17: 3.564 | ET17: 3.379 | EU17: 2.734 | EV17: 1.146 | EW17: 0.595 | EX17: 0.165 | EY17: 0.166 | EZ17: 1.343 | FA17: 1.816 | FB17: 2.974 | FC17: 6.476 | FD17: 6.794 | FE17: 8.752 | FF17: 5.776 | FG17: 6.628 | FH17: 9.659 | FI17: 10.908 | FJ17: 15.055 | FK17: 10.786 | FL17: 5.2 | FM17: 0.823 | FN17: -2.109 | FO17: -3.96 | FP17: -3.06 | FQ17: -1.331 | FR17: -0.943 | FS17: 0.997 | FT17: 2.914 | FU17: 1.003 | FV17: 1.768
B18: Wales | D18: 4.054 | E18: 6.41 | F18: 0 | G18: 11.842 | H18: 10.39 | I18: 6.024 | J18: 10.588 | K18: 12.941 | L18: 8.235 | M18: 5.682 | N18: 2.128 | O18: 1.042 | P18: 9.783 | Q18: 7.527 | R18: 7.292 | S18: 6.186 | T18: 2.97 | U18: 4 | V18: 10.68 | W18: 8.738 | X18: 11.538 | Y18: 12.5 | Z18: 7.018 | AA18: 13.393 | AB18: 9.483 | AC18: 15.385 | AD18: 27.049 | AE18: 25.197 | AF18: 42.52 | AG18: 48.889 | AH18: 32.903 | AI18: 24.528 | AJ18: 10.497 | AK18: -3.98 | AL18: 5.34 | AM18: 4.545 | AN18: -2.5 | AO18: 0 | AP18: -5.991 | AQ18: 3.865 | AR18: 8.718 | AS18: 2.591 | AT18: -5.392 | AU18: -9.302 | AV18: -7.075 | AW18: 0 | AX18: 3.627 | AY18: 1.538 | AZ18: -3.046 | BA18: 4.04 | BB18: 6.5 | BC18: -4.04 | BD18: 4.188 | BE18: -2.589 | BF18: -4.851 | BG18: 4.561 | BH18: -0.838 | BI18: 0.997 | BJ18: 0.493 | BK18: 3.02 | BL18: 5.068 | BM18: 4.77 | BN18: 6.383 | BO18: 5.863 | BP18: 4.984 | BQ18: 5.808 | BR18: 4.462 | BS18: 3.846 | BT18: 4.594 | BU18: 3.116 | BV18: 5.155 | BW18: 8 | BX18: 7.613 | BY18: 8.345 | BZ18: 8.403 | CA18: 6.584 | CB18: 5.986 | CC18: 8.367 | CD18: 9.819 | CE18: 10.425 | CF18: 11.938 | CG18: 15.196 | CH18: 17.882 | CI18: 22.261 | CJ18: 26.72 | CK18: 25.851 | CL18: 26.946 | CM18: 27.359 | CN18: 27.421 | CO18: 30.516 | CP18: 31.918 | CQ18: 28.293 | CR18: 22.585 | CS18: 14.896 | CT18: 10.072 | CU18: 7.293 | CV18: 7.532 | CW18: 7.779 | CX18: 6.389 | CY18: 8.157 | CZ18: 7.381 | DA18: 7.479 | DB18: 6.667 | DC18: 5.128 | DD18: 1.806 | DE18: -2.628 | DF18: -8.206 | DG18: -11.43 | DH18: -13.997 | DI18: -11.244 | DJ18: -5.821 | DK18: 0 | DL18: 3.84 | DM18: 4.617 | DN18: 3.477 | DO18: -1.296 | DP18: -1.435 | DQ18: -2.637 | DR18: -2.667 | DS18: -1.039 | DT18: -0.28 | DU18: 0.221 | DV18: -0.767 | DW18: -0.829 | DX18: 0.168 | DY18: -0.496 | DZ18: 0.883 | EA18: 1.115 | EB18: 3.7 | EC18: 4.823 | ED18: 5.364 | EE18: 6.119 | EF18: 3.189 | EG18: 2.485 | EH18: 2.39 | EI18: 3.169 | EJ18: 4.243 | EK18: 4.747 | EL18: 3.957 | EM18: 3.776 | EN18: 3.719 | EO18: 3.448 | EP18: 4.636 | EQ18: 5.095 | ER18: 4.603 | ES18: 3.905 | ET18: 4.991 | EU18: 4.663 | EV18: 3.752 | EW18: 4.445 | EX18: 3.554 | EY18: 3.705 | EZ18: 3.929 | FA18: 0.878 | FB18: 2.96 | FC18: 6.806 | FD18: 8.892 | FE18: 14.18 | FF18: 11.875 | FG18: 11.111 | FH18: 11.953 | FI18: 11.848 | FJ18: 13.52 | FK18: 10.179 | FL18: 5.074 | FM18: 0.435 | FN18: -0.689 | FO18: -2.277 | FP18: -0.671 | FQ18: 1.254 | FR18: 0.826 | FS18: 2.13 | FT18: 3.815 | FU18: 3.782 | FV18: 2.228
B19: Scotland | D19: 5.682 | E19: 5.435 | F19: 5.376 | G19: 8.602 | H19: 11.828 | I19: 14.433 | J19: 11.224 | K19: 12.871 | L19: 5.769 | M19: 3.604 | N19: 10.092 | O19: 4.386 | P19: 7.273 | Q19: 7.826 | R19: 2.5 | S19: 5.042 | T19: 6.78 | U19: 4.839 | V19: 5.691 | W19: 5.6 | X19: 7.143 | Y19: 6.923 | Z19: 5.385 | AA19: 8.333 | AB19: 0.741 | AC19: 5.036 | AD19: 13.139 | AE19: 11.888 | AF19: 19.118 | AG19: 17.808 | AH19: 14.839 | AI19: 19.375 | AJ19: 14.815 | AK19: 11.628 | AL19: 11.798 | AM19: 8.901 | AN19: 18.28 | AO19: 8.854 | AP19: 4.02 | AQ19: 4.327 | AR19: 0.455 | AS19: 6.22 | AT19: 9.179 | AU19: 5.069 | AV19: -2.262 | AW19: 5.405 | AX19: 3.982 | AY19: -1.754 | AZ19: 3.241 | BA19: -0.855 | BB19: 0.851 | BC19: 3.125 | BD19: -0.448 | BE19: -3.017 | BF19: 1.688 | BG19: 2.597 | BH19: 11.261 | BI19: 3.111 | BJ19: 0.415 | BK19: 2.532 | BL19: -3.239 | BM19: 9.052 | BN19: 7.438 | BO19: 6.996 | BP19: 6.695 | BQ19: 4.348 | BR19: 6.538 | BS19: 2.692 | BT19: 0.784 | BU19: 2.273 | BV19: 2.888 | BW19: 6.742 | BX19: 10.506 | BY19: 4.444 | BZ19: -0.351 | CA19: -0.351 | CB19: 4.577 | CC19: 2.837 | CD19: 4.93 | CE19: 5.634 | CF19: 3.367 | CG19: 14.943 | CH19: 17.226 | CI19: 19.111 | CJ19: 12.486 | CK19: 11.9 | CL19: 13.836 | CM19: 16.791 | CN19: 27.22 | CO19: 31.635 | CP19: 30.344 | CQ19: 25.879 | CR19: 18.513 | CS19: 17.447 | CT19: 16.785 | CU19: 14.784 | CV19: 15.493 | CW19: 12.948 | CX19: 13.051 | CY19: 14.428 | CZ19: 15.743 | DA19: 17.093 | DB19: 14.418 | DC19: 11.739 | DD19: 8.956 | DE19: 2.448 | DF19: -4.087 | DG19: -7.479 | DH19: -10.33 | DI19: -8.618 | DJ19: -3.018 | DK19: 2.71 | DL19: 3.529 | DM19: 2.754 | DN19: 1.373 | DO19: -1.228 | DP19: -0.663 | DQ19: -2.363 | DR19: -1.309 | DS19: -2.948 | DT19: -2.288 | DU19: -2.839 | DV19: -4.392 | DW19: -3.512 | DX19: -2.341 | DY19: -1.054 | DZ19: 1.483 | EA19: 3.542 | EB19: 3.946 | EC19: 4.985 | ED19: 5.092 | EE19: 4.703 | EF19: 7.593 | EG19: 3.089 | EH19: 2.557 | EI19: 2.949 | EJ19: 0.089 | EK19: 2.013 | EL19: 1.837 | EM19: 1.41 | EN19: 0.848 | EO19: 2.806 | EP19: 3.694 | EQ19: 4.259 | ER19: 6.372 | ES19: 4.776 | ET19: 3.645 | EU19: 2.96 | EV19: 1.997 | EW19: 1.75 | EX19: 1.878 | EY19: 1.619 | EZ19: 1.713 | FA19: 1.12 | FB19: 1.334 | FC19: 7.171 | FD19: 8.661 | FE19: 8.9 | FF19: 12.853 | FG19: 8.885 | FH19: 8.745 | FI19: 10.679 | FJ19: 7.341 | FK19: 4.985 | FL19: 0.713 | FM19: -0.097 | FN19: -0.703 | FO19: -0.52 | FP19: 2.561 | FQ19: 1.741 | FR19: 2.35 | FS19: 3.171 | FT19: 3.745 | FU19: 4.456 | FV19: 4.34
B20: Northern Ireland | D20: 0.847 | E20: 8.621 | F20: 2.5 | G20: 5.738 | H20: 3.361 | I20: 6.349 | J20: 15.447 | K20: 10.078 | L20: 14.634 | M20: 1.493 | N20: -2.817 | O20: -2.817 | P20: 0.709 | Q20: 2.941 | R20: 10.145 | S20: 10.87 | T20: 8.451 | U20: 15.714 | V20: 5.921 | W20: 6.536 | X20: 5.844 | Y20: 4.938 | Z20: 4.348 | AA20: 3.067 | AB20: 6.135 | AC20: 2.353 | AD20: 4.762 | AE20: 6.548 | AF20: 11.561 | AG20: -3.448 | AH20: 11.364 | AI20: -2.793 | AJ20: -2.591 | AK20: 13.69 | AL20: -3.061 | AM20: 19.54 | AN20: 9.574 | AO20: 3.665 | AP20: 8.421 | AQ20: 6.731 | AR20: -2.427 | AS20: 5.556 | AT20: 3.883 | AU20: -2.703 | AV20: 3.483 | AW20: 0.478 | AX20: 8.411 | AY20: -1.852 | AZ20: 6.731 | BA20: -2.381 | BB20: 0.862 | BC20: 9.906 | BD20: 10.811 | BE20: 21.463 | BF20: 6.838 | BG20: 9.013 | BH20: 3.659 | BI20: 8.835 | BJ20: 8.4 | BK20: 14.961 | BL20: 18.824 | BM20: 5.904 | BN20: 12.915 | BO20: 4.452 | BP20: 1.98 | BQ20: 14.286 | BR20: 9.15 | BS20: 13.443 | BT20: 16.505 | BU20: 7.317 | BV20: 9.88 | BW20: 5.78 | BX20: 8.333 | BY20: 12.5 | BZ20: 8.719 | CA20: 18.306 | CB20: 22.051 | CC20: 10.859 | CD20: 15.789 | CE20: -2.771 | CF20: -4.972 | CG20: 12.832 | CH20: 12.049 | CI20: 22.644 | CJ20: 16.212 | CK20: 9.219 | CL20: 4.636 | CM20: 5.81 | CN20: 6.722 | CO20: 8.441 | CP20: 12.862 | CQ20: 14.338 | CR20: 16.221 | CS20: 15.227 | CT20: 17.612 | CU20: 19.104 | CV20: 17.331 | CW20: 23.964 | CX20: 30.042 | CY20: 40.726 | CZ20: 51.503 | DA20: 50.597 | DB20: 40 | DC20: 19.198 | DD20: -0.345 | DE20: -14.263 | DF20: -25.21 | DG20: -28.205 | DH20: -29.264 | DI20: -23.845 | DJ20: -15.628 | DK20: -7.701 | DL20: -3.305 | DM20: -4.976 | DN20: -6.78 | DO20: -12.334 | DP20: -12.278 | DQ20: -12.899 | DR20: -12.987 | DS20: -10.069 | DT20: -11.977 | DU20: -10.411 | DV20: -11.194 | DW20: -11.043 | DX20: -7.049 | DY20: -5.401 | DZ20: -1.008 | EA20: 2.241 | EB20: 6.349 | EC20: 7.785 | ED20: 7.98 | EE20: 8.769 | EF20: 7.131 | EG20: 6.902 | EH20: 7.862 | EI20: 7.287 | EJ20: 7.121 | EK20: 7.808 | EL20: 5.831 | EM20: 5.202 | EN20: 5.058 | EO20: 3.203 | EP20: 3.444 | EQ20: 3.709 | ER20: 4.402 | ES20: 3.779 | ET20: 4.394 | EU20: 5.563 | EV20: 3.953 | EW20: 3.771 | EX20: 3.827 | EY20: 2.384 | EZ20: 3.929 | FA20: 2.757 | FB20: 2.826 | FC20: 5.27 | FD20: 5.854 | FE20: 9.634 | FF20: 10.753 | FG20: 7.916 | FH20: 9.908 | FI20: 9.677 | FJ20: 10.464 | FK20: 10.032 | FL20: 4.822 | FM20: 2.752 | FN20: 2.051 | FO20: 1.471 | FP20: 4.1 | FQ20: 6.614 | FR20: 6.316 | FS20: 8.406 | FT20: 8.934 | FU20: 5.556 | FV20: 7.021
B22: © Terms & conditions | FW22: National and regional house price indices

Sheet Japan
B1: National and regional house price indices
B2: Frequency of observation: Quarterly
B3: Measure: House price index
B5: Time period | D5: 2008-Q2 | E5: 2008-Q3 | F5: 2008-Q4 | G5: 2009-Q1 | H5: 2009-Q2 | I5: 2009-Q3 | J5: 2009-Q4 | K5: 2010-Q1 | L5: 2010-Q2 | M5: 2010-Q3 | N5: 2010-Q4 | O5: 2011-Q1 | P5: 2011-Q2 | Q5: 2011-Q3 | R5: 2011-Q4 | S5: 2012-Q1 | T5: 2012-Q2 | U5: 2012-Q3 | V5: 2012-Q4 | W5: 2013-Q1 | X5: 2013-Q2 | Y5: 2013-Q3 | Z5: 2013-Q4 | AA5: 2014-Q1 | AB5: 2014-Q2 | AC5: 2014-Q3 | AD5: 2014-Q4 | AE5: 2015-Q1 | AF5: 2015-Q2 | AG5: 2015-Q3 | AH5: 2015-Q4 | AI5: 2016-Q1 | AJ5: 2016-Q2 | AK5: 2016-Q3 | AL5: 2016-Q4 | AM5: 2017-Q1 | AN5: 2017-Q2 | AO5: 2017-Q3 | AP5: 2017-Q4 | AQ5: 2018-Q1 | AR5: 2018-Q2 | AS5: 2018-Q3 | AT5: 2018-Q4 | AU5: 2019-Q1 | AV5: 2019-Q2 | AW5: 2019-Q3 | AX5: 2019-Q4 | AY5: 2020-Q1 | AZ5: 2020-Q2 | BA5: 2020-Q3 | BB5: 2020-Q4 | BC5: 2021-Q1 | BD5: 2021-Q2 | BE5: 2021-Q3 | BF5: 2021-Q4 | BG5: 2022-Q1 | BH5: 2022-Q2 | BI5: 2022-Q3 | BJ5: 2022-Q4 | BK5: 2023-Q1 | BL5: 2023-Q2 | BM5: 2023-Q3 | BN5: 2023-Q4 | BO5: 2024-Q1 | BP5: 2024-Q2 | BQ5: 2024-Q3 | BR5: 2024-Q4 | BS5: 2025-Q1 | BT5: 2025-Q2 | BU5: 2025-Q3
B6: Reference area type
B7: Reference area: Hokkaido
B8: Combined unit of measure: Percent per annum, Growth rate, over 1 year
B9: Large regions | H9: -6.6 | I9: -4.3 | J9: -4.1 | K9: -2.1 | L9: 3.6 | M9: -1.2 | N9: -0.3 | O9: -0.9 | P9: -3 | Q9: 0.8 | R9: 1.3 | S9: 1.9 | T9: 1 | U9: 3.1 | V9: -0.9 | W9: 5.8 | X9: 5.1 | Y9: 2.4 | Z9: 5 | AA9: -0.5 | AB9: 1.7 | AC9: 0.1 | AD9: 2.4 | AE9: 7.7 | AF9: 4.5 | AG9: 7.9 | AH9: 1.5 | AI9: -0.6 | AJ9: 3.2 | AK9: 0 | AL9: 2.1 | AM9: 7.1 | AN9: 1.6 | AO9: 2.9 | AP9: 4.3 | AQ9: -0.9 | AR9: 2 | AS9: 0.6 | AT9: 2.8 | AU9: 3 | AV9: 6.3 | AW9: 7 | AX9: 8.3 | AY9: 7.8 | AZ9: 0.9 | BA9: 0.9 | BB9: 1.2 | BC9: 5.5 | BD9: 7.5 | BE9: 8.8 | BF9: 10.5 | BG9: 15.7 | BH9: 13.3 | BI9: 12.9 | BJ9: 2.8 | BK9: -4.2 | BL9: 1 | BM9: -2.7 | BN9: -0.4 | BO9: -1.4 | BP9: -1.8 | BQ9: 0.3 | BR9: -1 | BS9: 5.4 | BT9: 3.2 | BU9: 5.4
B10: Reference area: Hokkaido
B11: Combined unit of measure: Percent per annum, Growth rate, over 1 year, Seasonally adjusted, not calendar adjusted
B12: Large regions | H12: -6.6 | I12: -4.4 | J12: -3.9 | K12: -2.3 | L12: 3.6 | M12: -1.3 | N12: 0.1 | O12: -1.1 | P12: -3.2 | Q12: 0.9 | R12: 1.7 | S12: 1.4 | T12: 1 | U12: 3.1 | V12: -0.5 | W12: 5.4 | X12: 4.9 | Y12: 2.5 | Z12: 5.5 | AA12: -0.8 | AB12: 1.6 | AC12: 0.2 | AD12: 2.8 | AE12: 7.3 | AF12: 4.3 | AG12: 8.2 | AH12: 1.6 | AI12: -0.9 | AJ12: 3.1 | AK12: 0.3 | AL12: 2.1 | AM12: 7 | AN12: 1.5 | AO12: 3.3 | AP12: 4.2 | AQ12: -1.3 | AR12: 2 | AS12: 1.1 | AT12: 2.7 | AU12: 2.6 | AV12: 6.3 | AW12: 7.4 | AX12: 8.2 | AY12: 7.5 | AZ12: 0.9 | BA12: 1 | BB12: 1.4 | BC12: 5.4 | BD12: 7.3 | BE12: 8.6 | BF12: 10.9 | BG12: 15.8 | BH12: 12.9 | BI12: 12.6 | BJ12: 3.2 | BK12: -4 | BL12: 0.7 | BM12: -3.1 | BN12: -0.1 | BO12: -1.1 | BP12: -2 | BQ12: 0.1 | BR12: -0.8 | BS12: 5.6 | BT12: 3.1 | BU12: 5.1
B13: Reference area: Tohoku
B14: Combined unit of measure: Percent per annum, Growth rate, over 1 year
B15: Large regions | H15: -7.5 | I15: -6 | J15: -2 | K15: -1.9 | L15: -1.6 | M15: 0 | N15: 0.8 | O15: 0 | P15: 5.4 | Q15: 4.4 | R15: 2.7 | S15: 5 | T15: 3 | U15: 2 | V15: 2.9 | W15: 3.6 | X15: 5.9 | Y15: 4.3 | Z15: 6.5 | AA15: 6.5 | AB15: 1.9 | AC15: 3.7 | AD15: 0.5 | AE15: 2.7 | AF15: 2.6 | AG15: 1.6 | AH15: 1.2 | AI15: -1.4 | AJ15: 2.3 | AK15: 1.5 | AL15: 1.8 | AM15: 1.8 | AN15: 0.9 | AO15: -0.4 | AP15: -2.3 | AQ15: -0.6 | AR15: -1.2 | AS15: 2.6 | AT15: 3.3 | AU15: 4 | AV15: -0.7 | AW15: -2.1 | AX15: -1.6 | AY15: -3.2 | AZ15: -0.7 | BA15: 1 | BB15: 1.6 | BC15: 3.5 | BD15: 5.3 | BE15: 4.9 | BF15: 5.7 | BG15: 6.6 | BH15: 3.1 | BI15: 6.2 | BJ15: 5.8 | BK15: 1.8 | BL15: 1.2 | BM15: -1.8 | BN15: -3.6 | BO15: -0.7 | BP15: 1.3 | BQ15: 0.5 | BR15: 0.3 | BS15: 1.7 | BT15: 3.8 | BU15: 2.7
B16: Reference area: Tohoku
B17: Combined unit of measure: Percent per annum, Growth rate, over 1 year, Seasonally adjusted, not calendar adjusted
B18: Large regions | H18: -7.6 | I18: -6 | J18: -1.9 | K18: -1.9 | L18: -1.8 | M18: 0.1 | N18: 1 | O18: -0.1 | P18: 5.2 | Q18: 4.6 | R18: 2.9 | S18: 4.9 | T18: 2.7 | U18: 2.2 | V18: 3.1 | W18: 3.4 | X18: 5.7 | Y18: 4.4 | Z18: 6.7 | AA18: 6.3 | AB18: 1.7 | AC18: 3.8 | AD18: 0.7 | AE18: 2.5 | AF18: 2.6 | AG18: 1.5 | AH18: 1.4 | AI18: -1.6 | AJ18: 2.4 | AK18: 1.4 | AL18: 2 | AM18: 1.7 | AN18: 1.1 | AO18: -0.5 | AP18: -2.2 | AQ18: -0.8 | AR18: -1 | AS18: 2.5 | AT18: 3.4 | AU18: 3.8 | AV18: -0.4 | AW18: -2.1 | AX18: -1.6 | AY18: -3.4 | AZ18: -0.4 | BA18: 0.9 | BB18: 1.5 | BC18: 3.3 | BD18: 5.5 | BE18: 4.8 | BF18: 5.7 | BG18: 6.5 | BH18: 3.1 | BI18: 6.3 | BJ18: 5.9 | BK18: 1.8 | BL18: 1.2 | BM18: -1.8 | BN18: -3.4 | BO18: -0.8 | BP18: 1.1 | BQ18: 0.5 | BR18: 0.4 | BS18: 1.7 | BT18: 3.6 | BU18: 2.8
B19: Reference area: Northern-Kanto, Koshin
B20: Combined unit of measure: Percent per annum, Growth rate, over 1 year
B21: Large regions | H21: -10.1 | I21: -6.6 | J21: -2.7 | K21: 1.7 | L21: 3.4 | M21: 2.1 | N21: 2.6 | O21: 1.7 | P21: 0.3 | Q21: 0 | R21: -1.3 | S21: -1.2 | T21: -2 | U21: -2.3 | V21: -1.5 | W21: -1.6 | X21: 1.1 | Y21: 2.5 | Z21: 3.7 | AA21: 4 | AB21: 2.3 | AC21: 1.6 | AD21: 0.6 | AE21: 2.8 | AF21: 3.1 | AG21: 3.6 | AH21: 3 | AI21: 2.5 | AJ21: 3.6 | AK21: 2.4 | AL21: 2.9 | AM21: 4.5 | AN21: 2 | AO21: 2.7 | AP21: 1.6 | AQ21: 1.3 | AR21: 1.7 | AS21: 1 | AT21: 2.1 | AU21: 1.1 | AV21: 1.5 | AW21: 0.6 | AX21: 0.8 | AY21: -0.4 | AZ21: -0.7 | BA21: -0.1 | BB21: 1.6 | BC21: 4.2 | BD21: 6 | BE21: 10.5 | BF21: 8.8 | BG21: 10.1 | BH21: 11.2 | BI21: 8.9 | BJ21: 9.3 | BK21: 6.6 | BL21: 4.3 | BM21: 3.3 | BN21: 2 | BO21: 3.4 | BP21: 3.3 | BQ21: 3 | BR21: 3.7 | BS21: 5 | BT21: 4.2 | BU21: 6
B22: Reference area: Northern-Kanto, Koshin
B23: Combined unit of measure: Percent per annum, Growth rate, over 1 year, Seasonally adjusted, not calendar adjusted
B24: Large regions | H24: -10.1 | I24: -6.6 | J24: -2.7 | K24: 1.7 | L24: 3.4 | M24: 2.2 | N24: 2.7 | O24: 1.7 | P24: 0.3 | Q24: 0.1 | R24: -1.2 | S24: -1.3 | T24: -2 | U24: -2.2 | V24: -1.4 | W24: -1.8 | X24: 1.1 | Y24: 2.6 | Z24: 3.9 | AA24: 3.8 | AB24: 2.2 | AC24: 1.6 | AD24: 0.8 | AE24: 2.5 | AF24: 3.1 | AG24: 3.6 | AH24: 3.3 | AI24: 2.3 | AJ24: 3.6 | AK24: 2.5 | AL24: 3.1 | AM24: 4.3 | AN24: 2 | AO24: 2.8 | AP24: 1.6 | AQ24: 1.2 | AR24: 1.8 | AS24: 1 | AT24: 2 | AU24: 1.1 | AV24: 1.6 | AW24: 0.6 | AX24: 0.7 | AY24: -0.3 | AZ24: -0.7 | BA24: -0.2 | BB24: 1.6 | BC24: 4.3 | BD24: 6 | BE24: 10.4 | BF24: 8.8 | BG24: 10.1 | BH24: 11.2 | BI24: 8.8 | BJ24: 9.3 | BK24: 6.5 | BL24: 4.2 | BM24: 3.4 | BN24: 2.1 | BO24: 3.4 | BP24: 3.2 | BQ24: 3.1 | BR24: 3.8 | BS24: 4.9 | BT24: 4.2 | BU24: 6.1
B25: Reference area: Hokuriku
B26: Combined unit of measure: Percent per annum, Growth rate, over 1 year
B27: Large regions | H27: -7.6 | I27: -6.4 | J27: -3.6 | K27: -4.7 | L27: -5.4 | M27: -4.9 | N27: -3.3 | O27: 1.5 | P27: -0.4 | Q27: -1.6 | R27: -3.6 | S27: -3.5 | T27: -3 | U27: 0.4 | V27: -2.8 | W27: 3.2 | X27: 2.6 | Y27: 2.3 | Z27: 4.3 | AA27: 1.5 | AB27: 2.2 | AC27: -0.1 | AD27: 4.3 | AE27: 2.4 | AF27: 3 | AG27: 3 | AH27: -0.3 | AI27: -2.4 | AJ27: 0.6 | AK27: -0.5 | AL27: 1.5 | AM27: 4.4 | AN27: 3.4 | AO27: 0.2 | AP27: 4.9 | AQ27: 7.2 | AR27: 0.3 | AS27: 11.3 | AT27: 9.1 | AU27: 1.1 | AV27: 7 | AW27: 3 | AX27: 0.5 | AY27: 1.7 | AZ27: 2.1 | BA27: -2.9 | BB27: -2.9 | BC27: -2.5 | BD27: 2 | BE27: 2.9 | BF27: 6.9 | BG27: 12.4 | BH27: 6.1 | BI27: 5.2 | BJ27: -8.4 | BK27: -8.3 | BL27: -4.8 | BM27: -2 | BN27: 3.1 | BO27: 8.5 | BP27: -0.6 | BQ27: 2.5 | BR27: 4 | BS27: 1.4 | BT27: 9.3 | BU27: -1
B28: Reference area: Hokuriku
B29: Combined unit of measure: Percent per annum, Growth rate, over 1 year, Seasonally adjusted, not calendar adjusted
B30: Large regions | H30: -7.4 | I30: -6.4 | J30: -3.5 | K30: -5 | L30: -5.2 | M30: -5 | N30: -3 | O30: 0.9 | P30: -0.1 | Q30: -1.5 | R30: -3.3 | S30: -4.2 | T30: -2.6 | U30: 0.4 | V30: -2.6 | W30: 2.7 | X30: 2.8 | Y30: 2.3 | Z30: 4.4 | AA30: 1.2 | AB30: 2.1 | AC30: 0.1 | AD30: 4.3 | AE30: 2.3 | AF30: 2.9 | AG30: 3.5 | AH30: -0.7 | AI30: -2.3 | AJ30: 0.6 | AK30: -0.3 | AL30: 1 | AM30: 4.6 | AN30: 3.4 | AO30: 0.3 | AP30: 4.6 | AQ30: 7.6 | AR30: 0.1 | AS30: 11.3 | AT30: 9.2 | AU30: 1.2 | AV30: 6.7 | AW30: 2.9 | AX30: 1 | AY30: 1.9 | AZ30: 1.6 | BA30: -3.3 | BB30: -1.9 | BC30: -2.7 | BD30: 1.7 | BE30: 2.6 | BF30: 8.1 | BG30: 12.1 | BH30: 5.3 | BI30: 5.2 | BJ30: -7.6 | BK30: -8.9 | BL30: -5 | BM30: -2 | BN30: 3.5 | BO30: 8.3 | BP30: -0.4 | BQ30: 2.5 | BR30: 4.1 | BS30: 1.2 | BT30: 9.3 | BU30: -1
B31: Reference area: Kansai region
B32: Combined unit of measure: Percent per annum, Growth rate, over 1 year
B33: Large regions | H33: -7 | I33: -6.6 | J33: -5.7 | K33: -0.4 | L33: -1.1 | M33: -0.1 | N33: 1.3 | O33: -0.3 | P33: 1.6 | Q33: 0.5 | R33: -1.2 | S33: 0.5 | T33: -1.2 | U33: -0.5 | V33: 1.7 | W33: 0.3 | X33: 2 | Y33: 2 | Z33: 0.8 | AA33: 2.6 | AB33: 1.3 | AC33: 0.9 | AD33: 0.7 | AE33: 0.9 | AF33: 0.6 | AG33: 2.3 | AH33: 0.5 | AI33: 1.9 | AJ33: 2.9 | AK33: 1.1 | AL33: 3 | AM33: 2.7 | AN33: 2.3 | AO33: 2.5 | AP33: 3.6 | AQ33: 3.6 | AR33: 4.2 | AS33: 4.4 | AT33: 3.2 | AU33: 4.6 | AV33: 2.3 | AW33: 1.9 | AX33: 1.3 | AY33: -0.3 | AZ33: -0.4 | BA33: 0 | BB33: 2.3 | BC33: 1.9 | BD33: 5.3 | BE33: 6.9 | BF33: 4.9 | BG33: 9.4 | BH33: 9.3 | BI33: 8 | BJ33: 7.7 | BK33: 3.8 | BL33: 1.9 | BM33: 2.1 | BN33: 3.7 | BO33: 2.5 | BP33: 3.4 | BQ33: 3.9 | BR33: 1.8 | BS33: 4.3 | BT33: 4 | BU33: 1.7
B34: Reference area: Kansai region
B35: Combined unit of measure: Percent per annum, Growth rate, over 1 year, Seasonally adjusted, not calendar adjusted
B36: Large regions | H36: -7 | I36: -6.6 | J36: -5.7 | K36: -0.5 | L36: -1.2 | M36: -0.1 | N36: 1.4 | O36: -0.4 | P36: 1.6 | Q36: 0.6 | R36: -1.1 | S36: 0.4 | T36: -1.2 | U36: -0.4 | V36: 1.8 | W36: 0.1 | X36: 2 | Y36: 2.1 | Z36: 0.9 | AA36: 2.5 | AB36: 1.2 | AC36: 1 | AD36: 0.8 | AE36: 0.8 | AF36: 0.5 | AG36: 2.4 | AH36: 0.5 | AI36: 1.8 | AJ36: 2.9 | AK36: 1.2 | AL36: 3.1 | AM36: 2.5 | AN36: 2.3 | AO36: 2.6 | AP36: 3.6 | AQ36: 3.5 | AR36: 4.2 | AS36: 4.4 | AT36: 3.3 | AU36: 4.6 | AV36: 2.3 | AW36: 1.9 | AX36: 1.3 | AY36: -0.3 | AZ36: -0.4 | BA36: 0 | BB36: 2.4 | BC36: 2 | BD36: 5.2 | BE36: 6.8 | BF36: 5 | BG36: 9.5 | BH36: 9.1 | BI36: 8 | BJ36: 7.8 | BK36: 3.9 | BL36: 1.8 | BM36: 2.1 | BN36: 3.7 | BO36: 2.5 | BP36: 3.3 | BQ36: 3.9 | BR36: 1.8 | BS36: 4.3 | BT36: 4 | BU36: 1.7
B37: Reference area: Chugoku
B38: Combined unit of measure: Percent per annum, Growth rate, over 1 year
B39: Large regions | H39: -5.1 | I39: -7 | J39: -1.1 | K39: 3.6 | L39: 2.4 | M39: 3.9 | N39: 5.6 | O39: 1.6 | P39: 1.5 | Q39: 0.3 | R39: 1.9 | S39: -2.6 | T39: 0.1 | U39: -0.1 | V39: -1.9 | W39: 3.4 | X39: 4 | Y39: 3.6 | Z39: 3.3 | AA39: 1.1 | AB39: -1.2 | AC39: 0.6 | AD39: -2.2 | AE39: 3.8 | AF39: 2.4 | AG39: -2.1 | AH39: 1.6 | AI39: -2.1 | AJ39: 1.6 | AK39: 3.8 | AL39: 3.4 | AM39: 2 | AN39: -3.4 | AO39: -0.5 | AP39: -2.5 | AQ39: 2.3 | AR39: 5.3 | AS39: 4 | AT39: 0.4 | AU39: 3.4 | AV39: 0.6 | AW39: -2.6 | AX39: 1.9 | AY39: -2.4 | AZ39: 0.6 | BA39: 0.3 | BB39: 1.8 | BC39: 2.4 | BD39: 1.1 | BE39: 0.7 | BF39: 0.8 | BG39: 0.7 | BH39: 5.2 | BI39: 6.7 | BJ39: 4.8 | BK39: 7.3 | BL39: 5.9 | BM39: 2.9 | BN39: 3.5 | BO39: -0.8 | BP39: -0.5 | BQ39: 3.6 | BR39: -0.1 | BS39: 7 | BT39: 0 | BU39: -2.3
B40: Reference area: Chugoku
B41: Combined unit of measure: Percent per annum, Growth rate, over 1 year, Seasonally adjusted, not calendar adjusted
B42: Large regions | H42: -5.2 | I42: -6.9 | J42: -1.1 | K42: 3.6 | L42: 2.2 | M42: 4.1 | N42: 5.5 | O42: 1.6 | P42: 1.4 | Q42: 0.5 | R42: 2 | S42: -2.8 | T42: 0 | U42: 0.1 | V42: -2 | W42: 3.3 | X42: 4 | Y42: 3.8 | Z42: 3.4 | AA42: 0.9 | AB42: -1.2 | AC42: 0.7 | AD42: -2.1 | AE42: 3.6 | AF42: 2.3 | AG42: -2.1 | AH42: 1.8 | AI42: -2.3 | AJ42: 1.4 | AK42: 3.9 | AL42: 3.5 | AM42: 1.9 | AN42: -3.7 | AO42: -0.3 | AP42: -2.3 | AQ42: 2.2 | AR42: 5 | AS42: 4.3 | AT42: 0.5 | AU42: 3.3 | AV42: 0.3 | AW42: -2.4 | AX42: 2.1 | AY42: -2.5 | AZ42: 0.3 | BA42: 0.5 | BB42: 1.9 | BC42: 2.3 | BD42: 1 | BE42: 0.7 | BF42: 0.9 | BG42: 0.6 | BH42: 5.1 | BI42: 6.7 | BJ42: 4.9 | BK42: 7.3 | BL42: 5.9 | BM42: 2.7 | BN42: 3.7 | BO42: -0.9 | BP42: -0.4 | BQ42: 3.5 | BR42: -0.1 | BS42: 7 | BT42: 0.1 | BU42: -2.4
B43: Reference area: Shikoku
B44: Combined unit of measure: Percent per annum, Growth rate, over 1 year
B45: Large regions | H45: -7.2 | I45: -6.6 | J45: -1.9 | K45: -6.2 | L45: -0.6 | M45: -0.7 | N45: -1.7 | O45: -3 | P45: -0.5 | Q45: -1.2 | R45: -0.6 | S45: -0.2 | T45: 1.4 | U45: -0.7 | V45: -2.5 | W45: 1.5 | X45: -4.3 | Y45: -1.9 | Z45: 0.5 | AA45: 0.3 | AB45: -2.5 | AC45: 2.7 | AD45: -1.8 | AE45: 2.5 | AF45: 3.8 | AG45: -0.9 | AH45: 3.1 | AI45: 1.9 | AJ45: 2.8 | AK45: -1.2 | AL45: -0.4 | AM45: 4.9 | AN45: 3.2 | AO45: 4.4 | AP45: -0.8 | AQ45: -4.6 | AR45: -1.9 | AS45: 0.6 | AT45: 1 | AU45: 4.4 | AV45: 3 | AW45: 0 | AX45: 4.3 | AY45: 0.9 | AZ45: -1.2 | BA45: 2 | BB45: -2.9 | BC45: -4.4 | BD45: 2.2 | BE45: 4.6 | BF45: 3.7 | BG45: 10.6 | BH45: 1.5 | BI45: 0.5 | BJ45: -2.2 | BK45: 0.6 | BL45: 3.6 | BM45: 1.1 | BN45: 9.1 | BO45: -2.7 | BP45: -1.3 | BQ45: 2.9 | BR45: -2.4 | BS45: 4.6 | BT45: 0.1 | BU45: -2
B46: Reference area: Shikoku
B47: Combined unit of measure: Percent per annum, Growth rate, over 1 year, Seasonally adjusted, not calendar adjusted
B48: Large regions | H48: -7.3 | I48: -6.6 | J48: -1.8 | K48: -6.2 | L48: -0.7 | M48: -0.6 | N48: -1.7 | O48: -3.1 | P48: -0.5 | Q48: -1.1 | R48: -0.4 | S48: -0.5 | T48: 1.4 | U48: -0.6 | V48: -2.3 | W48: 1.1 | X48: -4.4 | Y48: -1.9 | Z48: 1 | AA48: -0.3 | AB48: -2.6 | AC48: 2.9 | AD48: -1.2 | AE48: 2 | AF48: 3.8 | AG48: -1 | AH48: 3.7 | AI48: 1.5 | AJ48: 2.8 | AK48: -1.3 | AL48: 0.1 | AM48: 4.5 | AN48: 3.3 | AO48: 4.2 | AP48: -0.4 | AQ48: -4.8 | AR48: -1.7 | AS48: 0.3 | AT48: 1.4 | AU48: 4.1 | AV48: 3.3 | AW48: -0.5 | AX48: 4.8 | AY48: 0.5 | AZ48: -1 | BA48: 1.7 | BB48: -2.7 | BC48: -4.6 | BD48: 2.5 | BE48: 4.6 | BF48: 3.8 | BG48: 10.5 | BH48: 1.4 | BI48: 0.6 | BJ48: -2.3 | BK48: 0.6 | BL48: 3.7 | BM48: 1.1 | BN48: 9.1 | BO48: -2.8 | BP48: -1.3 | BQ48: 3.1 | BR48: -2.7 | BS48: 4.7 | BT48: 0.3 | BU48: -1.9
B49: Reference area: Kyushu, Okinawa
B50: Combined unit of measure: Percent per annum, Growth rate, over 1 year
B51: Large regions | H51: -8.5 | I51: -3.7 | J51: -2.1 | K51: -1.6 | L51: 3.4 | M51: 3 | N51: 1.6 | O51: 4.1 | P51: 0.2 | Q51: 0.6 | R51: 2.6 | S51: 1.3 | T51: 4.1 | U51: 1.5 | V51: -0.7 | W51: 2.1 | X51: 3.3 | Y51: 3.2 | Z51: 6.3 | AA51: 1.9 | AB51: 2.4 | AC51: 0.7 | AD51: 0.6 | AE51: 1.6 | AF51: 2.2 | AG51: 1.8 | AH51: 0.7 | AI51: 2.9 | AJ51: 2.2 | AK51: 2.2 | AL51: 2.9 | AM51: 4.1 | AN51: 2.8 | AO51: 2.3 | AP51: 2.9 | AQ51: 1.9 | AR51: 3.2 | AS51: 3.6 | AT51: 3.1 | AU51: 2.8 | AV51: 2.7 | AW51: 1.5 | AX51: -0.6 | AY51: 0.8 | AZ51: -3.1 | BA51: 0.8 | BB51: 2.2 | BC51: -0.2 | BD51: 4.8 | BE51: 3.4 | BF51: 2.2 | BG51: 7.5 | BH51: 5.7 | BI51: 6.3 | BJ51: 7.4 | BK51: 3.4 | BL51: 2.3 | BM51: 0.4 | BN51: 1.5 | BO51: 1.5 | BP51: 4.6 | BQ51: 7.2 | BR51: 3.2 | BS51: 5.1 | BT51: 4 | BU51: 5.5
B52: Reference area: Kyushu, Okinawa
B53: Combined unit of measure: Percent per annum, Growth rate, over 1 year, Seasonally adjusted, not calendar adjusted
B54: Large regions | H54: -8.5 | I54: -3.7 | J54: -2 | K54: -1.7 | L54: 3.3 | M54: 3.1 | N54: 1.7 | O54: 4.1 | P54: -0.1 | Q54: 0.9 | R54: 2.7 | S54: 1.3 | T54: 3.7 | U54: 1.8 | V54: -0.5 | W54: 2 | X54: 2.9 | Y54: 3.5 | Z54: 6.5 | AA54: 1.8 | AB54: 2 | AC54: 1 | AD54: 0.7 | AE54: 1.4 | AF54: 1.9 | AG54: 2.1 | AH54: 0.8 | AI54: 2.7 | AJ54: 2 | AK54: 2.4 | AL54: 2.9 | AM54: 3.9 | AN54: 2.7 | AO54: 2.4 | AP54: 3 | AQ54: 1.7 | AR54: 3.2 | AS54: 3.6 | AT54: 3.2 | AU54: 2.7 | AV54: 2.7 | AW54: 1.4 | AX54: -0.5 | AY54: 0.8 | AZ54: -3 | BA54: 0.7 | BB54: 2.3 | BC54: -0.2 | BD54: 4.9 | BE54: 3.2 | BF54: 2.3 | BG54: 7.6 | BH54: 5.7 | BI54: 6.1 | BJ54: 7.5 | BK54: 3.5 | BL54: 2.3 | BM54: 0.2 | BN54: 1.5 | BO54: 1.6 | BP54: 4.6 | BQ54: 7.1 | BR54: 3.2 | BS54: 5.1 | BT54: 4 | BU54: 5.4
B56: © Terms & conditions | BV56: National and regional house price indices
